country,year,helped_a_stranger
Afghanistan,2015,0.554438539
Albania,2015,0.456990471
Argentina,2015,0.526688469
Armenia,2015,0.467813522
Australia,2015,0.681437902
Austria,2015,0.522285919
Azerbaijan,2015,0.33319223
Bahrain,2015,0.65589884
Bangladesh,2015,0.561780495
Belarus,2015,0.343192564
Belgium,2015,0.543252514
Benin,2015,0.448587617
Bhutan,2015,0.515618043
Bolivia,2015,0.550499444
Bosnia and Herzegovina,2015,0.350121516
Botswana,2015,0.732498176
Brazil,2015,0.539115843
Bulgaria,2015,0.424727379
Burkina Faso,2015,0.626926169
Cambodia,2015,0.246659533
Cameroon,2015,0.667280001
Canada,2015,0.650262188
Chad,2015,0.482823028
Chile,2015,0.594729394
China,2015,0.2397816
Colombia,2015,0.586322694
Congo (Kinshasa),2015,0.382048536
Congo Brazzaville,2015,0.635712067
Costa Rica,2015,0.61048752
Cote d'Ivoire,2015,0.54476971
Croatia,2015,0.297447213
Cyprus,2015,0.527372949
Czech Republic,2015,0.304976915
Denmark,2015,0.544876919
Dominican Republic,2015,0.639742455
Ecuador,2015,0.470453106
Egypt,2015,0.473737954
El Salvador,2015,0.501918542
Estonia,2015,0.351120574
Ethiopia,2015,0.446896333
Finland,2015,0.554450101
France,2015,0.373020441
Gabon,2015,0.637249348
Georgia,2015,0.403984391
Germany,2015,0.548397065
Ghana,2015,0.523568178
Greece,2015,0.401634874
Guatemala,2015,0.61681963
Guinea,2015,0.635400184
Haiti,2015,0.424849824
Honduras,2015,0.433895005
Hungary,2015,0.341983761
Iceland,2015,0.515978153
India,2015,0.429098337
Indonesia,2015,0.426536445
Iran,2015,0.529282585
Iraq,2015,0.814449286
Ireland,2015,0.561762785
Israel,2015,0.494840573
Italy,2015,0.434887044
Japan,2015,0.253452967
Jordan,2015,0.648072572
Kazakhstan,2015,0.375163688
Kenya,2015,0.70133657
Kosovo,2015,0.530818607
Kuwait,2015,0.776953998
Kyrgyzstan,2015,0.549423252
Latvia,2015,0.328597323
Lebanon,2015,0.422531026
Liberia,2015,0.717759897
Libya,2015,0.78814555
Lithuania,2015,0.436265332
Luxembourg,2015,0.347745228
Madagascar,2015,0.27777363
Malawi,2015,0.74494504
Malaysia,2015,0.481504323
Mali,2015,0.594089207
Malta,2015,0.473672716
Mauritania,2015,0.366680551
Mexico,2015,0.466843528
"Moldova, Republic of",2015,0.368150115
Mongolia,2015,0.462777601
Montenegro,2015,0.34938321
Morocco,2015,0.535332475
Mozambique,2015,0.529379201
Myanmar,2015,0.629597219
Nepal,2015,0.459479656
Netherlands (Kingdom of the),2015,0.55476521
New Zealand,2015,0.61404607
Nicaragua,2015,0.423036746
Niger,2015,0.465712573
Nigeria,2015,0.678103138
North Macedonia,2015,0.348292722
Northern Cyprus,2015,0.588439846
Norway,2015,0.517138495
Pakistan,2015,0.438509257
Panama,2015,0.600117167
Paraguay,2015,0.314961138
Peru,2015,0.598550529
Philippines,2015,0.552312023
Poland,2015,0.416455009
Portugal,2015,0.500354489
Romania,2015,0.573584884
Russian Federation,2015,0.353466659
Rwanda,2015,0.356216601
Saudi Arabia,2015,0.727809114
Senegal,2015,0.609810775
Serbia,2015,0.281166756
Sierra Leone,2015,0.730972227
Singapore,2015,0.497152082
Slovakia,2015,0.316469554
Slovenia,2015,0.515214025
Somalia,2015,0.771503982
South Africa,2015,0.65358186
South Korea,2015,0.460009907
South Sudan,2015,0.591636709
Spain,2015,0.477872578
Sri Lanka,2015,0.607473864
State of Palestine,2015,0.341330983
Sweden,2015,0.586265926
Switzerland,2015,0.534599165
Syria,2015,0.615035405
Taiwan (Province of China),2015,0.575170602
Tajikistan,2015,0.487428289
Tanzania,2015,0.6385533
Thailand,2015,0.44302159
Togo,2015,0.529691686
Tunisia,2015,0.50561173
Türkiye,2015,0.725193438
Turkmenistan,2015,0.49005953
Uganda,2015,0.719451756
Ukraine,2015,0.357337154
United Arab Emirates,2015,0.748036461
United Kingdom of Great Britain and Northern Ireland,2015,0.609912767
United States of America,2015,0.730793503
Uruguay,2015,0.609029409
Uzbekistan,2015,0.673702913
Venezuela,2015,0.400537757
Vietnam,2015,0.548689863
Yemen,2015,0.406341293
Zambia,2015,0.66956806
Zimbabwe,2015,0.521512211
Afghanistan,2016,0.462660804
Albania,2016,0.434988655
Argentina,2016,0.555695751
Armenia,2016,0.439009396
Australia,2016,0.655948237
Austria,2016,0.512642948
Azerbaijan,2016,0.302074696
Bahrain,2016,0.723744092
Bangladesh,2016,0.337270377
Belarus,2016,0.267707944
Belgium,2016,0.459880068
Benin,2016,0.407871055
Bolivia,2016,0.536330767
Bosnia and Herzegovina,2016,0.531485964
Botswana,2016,0.639865994
Brazil,2016,0.535610679
Bulgaria,2016,0.335450892
Burkina Faso,2016,0.514671391
Cambodia,2016,0.177532323
Cameroon,2016,0.586445818
Canada,2016,0.668550519
Central African Republic,2016,0.40942757
Chad,2016,0.435050508
Chile,2016,0.505516901
China,2016,0.295650286
Colombia,2016,0.629141163
Congo (Kinshasa),2016,0.361685111
Congo Brazzaville,2016,0.645312706
Costa Rica,2016,0.63411124
Cote d'Ivoire,2016,0.566816044
Croatia,2016,0.206408667
Cyprus,2016,0.543973699
Czech Republic,2016,0.230314483
Denmark,2016,0.573116635
Dominican Republic,2016,0.653787279
Ecuador,2016,0.562124081
Egypt,2016,0.542904921
El Salvador,2016,0.493630222
Estonia,2016,0.360581067
Ethiopia,2016,0.397649826
Finland,2016,0.545761718
France,2016,0.387193141
Gabon,2016,0.58589262
Georgia,2016,0.378024472
Germany,2016,0.575048172
Ghana,2016,0.59839671
Greece,2016,0.497810005
Guatemala,2016,0.581457666
Guinea,2016,0.529620114
Haiti,2016,0.35352122
Honduras,2016,0.537215846
Hong Kong S.A.R. of China,2016,0.592181367
Hungary,2016,0.363894431
Iceland,2016,0.438427318
India,2016,0.364613681
Indonesia,2016,0.474488023
Iran,2016,0.605051278
Iraq,2016,0.778803039
Ireland,2016,0.606825117
Israel,2016,0.437997571
Italy,2016,0.444276218
Japan,2016,0.231938721
Jordan,2016,0.557919375
Kazakhstan,2016,0.400542364
Kenya,2016,0.762643732
Kosovo,2016,0.538165808
Kuwait,2016,0.741379492
Kyrgyzstan,2016,0.462000152
Latvia,2016,0.284604932
Lebanon,2016,0.460673697
Lesotho,2016,0.668154427
Liberia,2016,0.749029157
Libya,2016,0.766014854
Lithuania,2016,0.277046112
Luxembourg,2016,0.373488602
Madagascar,2016,0.268836857
Malawi,2016,0.694688081
Mali,2016,0.500191393
Malta,2016,0.447301331
Mauritania,2016,0.390379422
Mauritius,2016,0.387430661
Mexico,2016,0.457765193
"Moldova, Republic of",2016,0.397751007
Mongolia,2016,0.49445391
Montenegro,2016,0.395952935
Morocco,2016,0.431276854
Myanmar,2016,0.532903012
Nepal,2016,0.438215309
Netherlands (Kingdom of the),2016,0.509851294
New Zealand,2016,0.65204158
Nicaragua,2016,0.37553186
Niger,2016,0.44530202
Nigeria,2016,0.692630129
North Macedonia,2016,0.492402404
Northern Cyprus,2016,0.534171772
Norway,2016,0.489740934
Pakistan,2016,0.4933315
Panama,2016,0.581992198
Paraguay,2016,0.290965266
Peru,2016,0.522909121
Philippines,2016,0.509273643
Poland,2016,0.374434968
Portugal,2016,0.463857826
Romania,2016,0.597268545
Russian Federation,2016,0.302560425
Rwanda,2016,0.443916825
Saudi Arabia,2016,0.710870333
Senegal,2016,0.591547837
Serbia,2016,0.21104273
Sierra Leone,2016,0.814277543
Singapore,2016,0.405953647
Slovakia,2016,0.328466958
Slovenia,2016,0.398209911
Somalia,2016,0.683733913
South Africa,2016,0.719711185
South Korea,2016,0.437128303
South Sudan,2016,0.558637463
Spain,2016,0.508180572
State of Palestine,2016,0.407888414
Sweden,2016,0.533147896
Switzerland,2016,0.392189266
Taiwan (Province of China),2016,0.536010962
Tajikistan,2016,0.448723625
Tanzania,2016,0.528857977
Thailand,2016,0.509958197
Togo,2016,0.447590622
Tunisia,2016,0.59978943
Türkiye,2016,0.744740307
Turkmenistan,2016,0.425629142
Uganda,2016,0.727007416
Ukraine,2016,0.416507079
United Arab Emirates,2016,0.706984226
United Kingdom of Great Britain and Northern Ireland,2016,0.576592117
United States of America,2016,0.728701481
Uruguay,2016,0.586550353
Uzbekistan,2016,0.552544857
Venezuela,2016,0.454808216
Vietnam,2016,0.366968151
Yemen,2016,0.306979724
Zambia,2016,0.693012991
Zimbabwe,2016,0.658702158
Afghanistan,2017,0.413098644
Albania,2017,0.422706975
Algeria,2017,0.534983678
Argentina,2017,0.515634624
Armenia,2017,0.448094283
Australia,2017,0.646451725
Austria,2017,0.524855242
Azerbaijan,2017,0.349590058
Bahrain,2017,0.743841531
Bangladesh,2017,0.570926822
Belarus,2017,0.309035979
Belgium,2017,0.511028726
Benin,2017,0.476213762
Bolivia,2017,0.485647759
Bosnia and Herzegovina,2017,0.368693641
Botswana,2017,0.588797432
Brazil,2017,0.428858926
Bulgaria,2017,0.421943746
Burkina Faso,2017,0.55844808
Cambodia,2017,0.178854928
Cameroon,2017,0.668524137
Canada,2017,0.569265002
Central African Republic,2017,0.515901083
Chad,2017,0.496779073
Chile,2017,0.541496805
China,2017,0.314768238
Colombia,2017,0.555024822
Congo (Kinshasa),2017,0.558866605
Congo Brazzaville,2017,0.505031818
Costa Rica,2017,0.588416709
Cote d'Ivoire,2017,0.553786232
Croatia,2017,0.245750932
Cyprus,2017,0.595729477
Czech Republic,2017,0.264613246
Denmark,2017,0.579553701
Dominican Republic,2017,0.64346081
Ecuador,2017,0.397581781
Egypt,2017,0.573569013
El Salvador,2017,0.394012283
Estonia,2017,0.337733563
Ethiopia,2017,0.424983297
Finland,2017,0.533692316
France,2017,0.369540214
Gabon,2017,0.540641486
Gambia,2017,0.737862984
Georgia,2017,0.474595867
Germany,2017,0.575545125
Ghana,2017,0.617602137
Greece,2017,0.355544186
Guatemala,2017,0.514719493
Guinea,2017,0.516406989
Haiti,2017,0.617717726
Honduras,2017,0.540406323
Hong Kong S.A.R. of China,2017,0.59520682
Hungary,2017,0.362881435
Iceland,2017,0.499181898
India,2017,0.310160209
Indonesia,2017,0.460810105
Iran,2017,0.613294279
Iraq,2017,0.805960895
Ireland,2017,0.644231227
Israel,2017,0.499581591
Italy,2017,0.463673226
Jamaica,2017,0.632461017
Japan,2017,0.234785235
Jordan,2017,0.684526854
Kazakhstan,2017,0.346626406
Kenya,2017,0.722941784
Kosovo,2017,0.496957842
Kuwait,2017,0.801730283
Kyrgyzstan,2017,0.515778766
Lao People's Democratic Republic,2017,0.217755041
Latvia,2017,0.283872765
Lebanon,2017,0.489839826
Lesotho,2017,0.580479975
Liberia,2017,0.79928476
Libya,2017,0.827899523
Lithuania,2017,0.476707237
Luxembourg,2017,0.398334381
Madagascar,2017,0.387724672
Malawi,2017,0.655320851
Maldives,2017,0.509051942
Mali,2017,0.51858507
Malta,2017,0.534539538
Mauritania,2017,0.370711706
Mauritius,2017,0.567002585
Mexico,2017,0.451367132
"Moldova, Republic of",2017,0.4491167
Mongolia,2017,0.411846936
Montenegro,2017,0.383445074
Morocco,2017,0.652044029
Mozambique,2017,0.501141653
Myanmar,2017,0.401405131
Namibia,2017,0.643655386
Nepal,2017,0.499370019
Netherlands (Kingdom of the),2017,0.515013515
New Zealand,2017,0.656503244
Nicaragua,2017,0.517395013
Niger,2017,0.658785399
Nigeria,2017,0.712787905
North Macedonia,2017,0.303087292
Norway,2017,0.540171713
Pakistan,2017,0.434446844
Panama,2017,0.478775843
Paraguay,2017,0.531580377
Peru,2017,0.465107867
Philippines,2017,0.437709136
Poland,2017,0.344522739
Portugal,2017,0.502598151
Romania,2017,0.539267676
Russian Federation,2017,0.441785167
Rwanda,2017,0.394237668
Saudi Arabia,2017,0.737741487
Senegal,2017,0.538608932
Serbia,2017,0.338497376
Sierra Leone,2017,0.797103162
Singapore,2017,0.667098636
Slovakia,2017,0.315273773
Slovenia,2017,0.470804139
South Africa,2017,0.716732265
South Korea,2017,0.467536081
South Sudan,2017,0.595022155
Spain,2017,0.564381285
Sri Lanka,2017,0.517463573
State of Palestine,2017,0.365832968
Sweden,2017,0.515109563
Switzerland,2017,0.396420581
Taiwan (Province of China),2017,0.490454837
Tajikistan,2017,0.594053909
Tanzania,2017,0.465893415
Thailand,2017,0.360716115
Togo,2017,0.463638415
Trinidad and Tobago,2017,0.703959461
Tunisia,2017,0.435552907
Türkiye,2017,0.400028771
Turkmenistan,2017,0.477586771
Uganda,2017,0.666047474
Ukraine,2017,0.423998754
United Arab Emirates,2017,0.682969154
United Kingdom of Great Britain and Northern Ireland,2017,0.629186168
United States of America,2017,0.722333479
Uruguay,2017,0.49239294
Uzbekistan,2017,0.513374222
Venezuela,2017,0.514657298
Yemen,2017,0.362742263
Zambia,2017,0.695344955
Zimbabwe,2017,0.612084407
Afghanistan,2018,0.441605572
Albania,2018,0.476625316
Algeria,2018,0.440072034
Argentina,2018,0.49693509
Armenia,2018,0.515667071
Australia,2018,0.452186651
Austria,2018,0.488610571
Azerbaijan,2018,0.376925155
Bangladesh,2018,0.603577045
Belarus,2018,0.24081783
Belgium,2018,0.315905575
Benin,2018,0.466760099
Bolivia,2018,0.449397288
Bosnia and Herzegovina,2018,0.437778412
Botswana,2018,0.659836991
Brazil,2018,0.463368741
Bulgaria,2018,0.394981111
Burkina Faso,2018,0.533062201
Burundi,2018,0.337786854
Cambodia,2018,0.178689923
Cameroon,2018,0.642993255
Canada,2018,0.514343513
Chad,2018,0.501625347
Chile,2018,0.57343778
China,2018,0.34150403
Colombia,2018,0.485282024
Comoros,2018,0.649922317
Congo Brazzaville,2018,0.53315715
Costa Rica,2018,0.518614077
Cote d'Ivoire,2018,0.53243519
Croatia,2018,0.323030653
Cyprus,2018,0.466162607
Czech Republic,2018,0.163564063
Denmark,2018,0.411217095
Dominican Republic,2018,0.520593416
Ecuador,2018,0.480415386
Egypt,2018,0.49359605
El Salvador,2018,0.441387885
Estonia,2018,0.365645336
Eswatini,2018,0.568697066
Ethiopia,2018,0.479263989
Finland,2018,0.38075648
France,2018,0.321778382
Gabon,2018,0.545369048
Gambia,2018,0.679605396
Georgia,2018,0.59476394
Germany,2018,0.497481779
Ghana,2018,0.605350257
Greece,2018,0.36575678
Guatemala,2018,0.49699476
Guinea,2018,0.620458373
Haiti,2018,0.695857094
Honduras,2018,0.554444993
Hungary,2018,0.295166026
India,2018,0.386210775
Indonesia,2018,0.552193307
Iran,2018,0.557035137
Iraq,2018,0.643417385
Ireland,2018,0.554085642
Israel,2018,0.448187447
Italy,2018,0.401615756
Japan,2018,0.115737441
Jordan,2018,0.549316262
Kazakhstan,2018,0.32341391
Kenya,2018,0.674980186
Kosovo,2018,0.585259272
Kuwait,2018,0.642248891
Kyrgyzstan,2018,0.524418543
Lao People's Democratic Republic,2018,0.28689327
Latvia,2018,0.229536607
Lebanon,2018,0.336883782
Liberia,2018,0.772074165
Libya,2018,0.703399177
Lithuania,2018,0.375275241
Luxembourg,2018,0.331850788
Madagascar,2018,0.413015389
Malawi,2018,0.657480531
Malaysia,2018,0.581809498
Mali,2018,0.472788637
Malta,2018,0.328896936
Mauritania,2018,0.401765977
Mauritius,2018,0.37334512
Mexico,2018,0.424076362
"Moldova, Republic of",2018,0.488797671
Mongolia,2018,0.375399265
Montenegro,2018,0.422370066
Morocco,2018,0.580367349
Mozambique,2018,0.500948095
Myanmar,2018,0.352320098
Namibia,2018,0.541579915
Nepal,2018,0.459683889
New Zealand,2018,0.452188233
Nicaragua,2018,0.471262097
Niger,2018,0.691525927
Nigeria,2018,0.708276252
North Macedonia,2018,0.324205956
Northern Cyprus,2018,0.48571594
Norway,2018,0.385651922
Pakistan,2018,0.444269826
Panama,2018,0.45277682
Paraguay,2018,0.522694434
Peru,2018,0.482965389
Philippines,2018,0.537850786
Poland,2018,0.214253054
Portugal,2018,0.38852315
Romania,2018,0.492035415
Russian Federation,2018,0.417380845
Rwanda,2018,0.411255812
Saudi Arabia,2018,0.601303533
Senegal,2018,0.515508409
Serbia,2018,0.334968466
Sierra Leone,2018,0.764636725
Singapore,2018,0.339256848
Slovakia,2018,0.325848491
Slovenia,2018,0.299818374
South Africa,2018,0.693515305
South Korea,2018,0.302157122
Spain,2018,0.541735631
Sri Lanka,2018,0.526467241
State of Palestine,2018,0.465982899
Sweden,2018,0.399349885
Switzerland,2018,0.374133672
Taiwan (Province of China),2018,0.344029318
Tajikistan,2018,0.565911849
Tanzania,2018,0.421598896
Thailand,2018,0.347773024
Togo,2018,0.508507522
Tunisia,2018,0.510824593
Türkiye,2018,0.523398634
Turkmenistan,2018,0.64571206
Uganda,2018,0.665697837
Ukraine,2018,0.306345533
United Arab Emirates,2018,0.599113972
United Kingdom of Great Britain and Northern Ireland,2018,0.563588759
United States of America,2018,0.647290798
Uruguay,2018,0.473311975
Uzbekistan,2018,0.561039889
Venezuela,2018,0.558377126
Vietnam,2018,0.364985555
Yemen,2018,0.459352722
Zambia,2018,0.686143117
Zimbabwe,2018,0.521425599
Afghanistan,2019,0.479797685
Albania,2019,0.450397729
Algeria,2019,0.532044832
Argentina,2019,0.512755897
Armenia,2019,0.540055915
Australia,2019,0.567736711
Austria,2019,0.512179803
Azerbaijan,2019,0.342821231
Bahrain,2019,0.660316289
Bangladesh,2019,0.582445608
Belarus,2019,0.239581442
Belgium,2019,0.349066261
Benin,2019,0.510650462
Bolivia,2019,0.493369275
Bosnia and Herzegovina,2019,0.425212033
Botswana,2019,0.623647697
Brazil,2019,0.574285462
Bulgaria,2019,0.433605644
Burkina Faso,2019,0.549668948
Cambodia,2019,0.114174991
Cameroon,2019,0.619439733
Canada,2019,0.597409343
Chad,2019,0.647251045
Chile,2019,0.61982902
China,2019,0.32009404
Colombia,2019,0.567882113
Comoros,2019,0.663425343
Congo Brazzaville,2019,0.600931173
Costa Rica,2019,0.51661181
Cote d'Ivoire,2019,0.66001012
Croatia,2019,0.375425415
Cyprus,2019,0.568528418
Denmark,2019,0.530284665
Dominican Republic,2019,0.558068453
Ecuador,2019,0.49852905
Egypt,2019,0.545739165
El Salvador,2019,0.461183456
Estonia,2019,0.41799198
Eswatini,2019,0.588557929
Ethiopia,2019,0.441613959
Finland,2019,0.451147114
France,2019,0.342505974
Gabon,2019,0.585195744
Gambia,2019,0.701376316
Georgia,2019,0.562957977
Germany,2019,0.445050829
Ghana,2019,0.629267578
Greece,2019,0.417178786
Guatemala,2019,0.482435488
Guinea,2019,0.600004755
Honduras,2019,0.573386952
Hong Kong S.A.R. of China,2019,0.483501219
Hungary,2019,0.369264935
India,2019,0.603296871
Indonesia,2019,0.586003778
Iran,2019,0.580833273
Iraq,2019,0.675725463
Ireland,2019,0.539168149
Israel,2019,0.522843048
Italy,2019,0.381097878
Jamaica,2019,0.632555845
Japan,2019,0.138524147
Jordan,2019,0.570169694
Kazakhstan,2019,0.411523868
Kenya,2019,0.749514732
Kosovo,2019,0.626021223
Kuwait,2019,0.662435414
Kyrgyzstan,2019,0.403712739
Lao People's Democratic Republic,2019,0.267300877
Latvia,2019,0.249154052
Lebanon,2019,0.356587902
Lesotho,2019,0.66788182
Liberia,2019,0.770815485
Libya,2019,0.754993054
Lithuania,2019,0.271167257
Luxembourg,2019,0.335207735
Madagascar,2019,0.420917417
Malawi,2019,0.61182649
Malaysia,2019,0.568174855
Mali,2019,0.534688552
Malta,2019,0.413907336
Mauritania,2019,0.576763116
Mauritius,2019,0.480838989
Mexico,2019,0.531904479
"Moldova, Republic of",2019,0.508013174
Mongolia,2019,0.403647558
Montenegro,2019,0.392690467
Morocco,2019,0.636933893
Mozambique,2019,0.563426365
Myanmar,2019,0.393213956
Namibia,2019,0.521838023
Nepal,2019,0.51412535
Netherlands (Kingdom of the),2019,0.389197493
New Zealand,2019,0.550962948
Nicaragua,2019,0.490286196
Niger,2019,0.634273822
Nigeria,2019,0.595360086
North Macedonia,2019,0.420739379
Northern Cyprus,2019,0.511097079
Norway,2019,0.433861377
Pakistan,2019,0.520468143
Panama,2019,0.478147445
Paraguay,2019,0.555103587
Peru,2019,0.51681751
Philippines,2019,0.528074372
Poland,2019,0.193872941
Portugal,2019,0.422911114
Romania,2019,0.453003054
Russian Federation,2019,0.448663457
Rwanda,2019,0.44551754
Saudi Arabia,2019,0.595241921
Senegal,2019,0.547364726
Serbia,2019,0.33193909
Sierra Leone,2019,0.771077478
Singapore,2019,0.45510623
Slovakia,2019,0.397360064
Slovenia,2019,0.390694404
South Africa,2019,0.630441771
South Korea,2019,0.380484413
Spain,2019,0.515491502
Sri Lanka,2019,0.529417119
State of Palestine,2019,0.477892956
Sweden,2019,0.453288937
Switzerland,2019,0.374622515
Taiwan (Province of China),2019,0.39384009
Tajikistan,2019,0.539751256
Tanzania,2019,0.406844582
Thailand,2019,0.397745659
Togo,2019,0.559814918
Tunisia,2019,0.562128008
Türkiye,2019,0.622120693
Turkmenistan,2019,0.726970542
Uganda,2019,0.655034689
Ukraine,2019,0.320286094
United Arab Emirates,2019,0.619048261
United Kingdom of Great Britain and Northern Ireland,2019,0.596409039
United States of America,2019,0.643770642
Uruguay,2019,0.514903463
Uzbekistan,2019,0.55148166
Venezuela,2019,0.574124411
Vietnam,2019,0.462846314
Yemen,2019,0.457400128
Zambia,2019,0.720211547
Zimbabwe,2019,0.591454711
Albania,2020,0.580049994
Algeria,2020,0.601706977
Argentina,2020,0.581512756
Australia,2020,0.571712283
Austria,2020,0.417595297
Bahrain,2020,0.644569309
Bangladesh,2020,0.633830303
Belgium,2020,0.245769203
Benin,2020,0.605419659
Bolivia,2020,0.635469967
Bosnia and Herzegovina,2020,0.503023578
Brazil,2020,0.630962632
Bulgaria,2020,0.641087132
Burkina Faso,2020,0.671259653
Cambodia,2020,0.439519333
Cameroon,2020,0.783610352
Canada,2020,0.521652172
Chile,2020,0.669107396
China,2020,0.48695827
Colombia,2020,0.670983168
Congo Brazzaville,2020,0.620222918
Costa Rica,2020,0.579728717
Cote d'Ivoire,2020,0.649985867
Croatia,2020,0.52658265
Cyprus,2020,0.487641763
Czech Republic,2020,0.445535542
Denmark,2020,0.464769552
Dominican Republic,2020,0.703776108
Ecuador,2020,0.566951696
Egypt,2020,0.710344165
El Salvador,2020,0.564252702
Estonia,2020,0.427242635
Ethiopia,2020,0.655859248
Finland,2020,0.41835968
France,2020,0.308717742
Gabon,2020,0.562338976
Georgia,2020,0.761825117
Germany,2020,0.401961326
Ghana,2020,0.653693795
Greece,2020,0.530197752
Guinea,2020,0.712860396
Hong Kong S.A.R. of China,2020,0.367643603
Hungary,2020,0.583768788
Iceland,2020,0.351974234
India,2020,0.592677072
Indonesia,2020,0.65124183
Iran,2020,0.621300723
Iraq,2020,0.775810833
Ireland,2020,0.488334635
Israel,2020,0.397306423
Italy,2020,0.334197699
Jamaica,2020,0.665043553
Japan,2020,0.119115026
Jordan,2020,0.605493431
Kazakhstan,2020,0.428130817
Kenya,2020,0.756250195
Kosovo,2020,0.677889891
Kyrgyzstan,2020,0.586008616
Lao People's Democratic Republic,2020,0.415563103
Latvia,2020,0.409132183
Lebanon,2020,0.455020049
Lithuania,2020,0.433762064
Malaysia,2020,0.548285211
Mali,2020,0.576104381
Malta,2020,0.370272714
Mauritius,2020,0.463740343
Mexico,2020,0.595304958
"Moldova, Republic of",2020,0.699877662
Mongolia,2020,0.449369006
Montenegro,2020,0.525182282
Morocco,2020,0.601880888
Myanmar,2020,0.505437014
Namibia,2020,0.692354907
Nepal,2020,0.509341933
Netherlands (Kingdom of the),2020,0.345640429
New Zealand,2020,0.559146278
Nicaragua,2020,0.629131618
Nigeria,2020,0.819186541
North Macedonia,2020,0.566933355
Norway,2020,0.387009136
Pakistan,2020,0.419965368
Paraguay,2020,0.639591121
Peru,2020,0.650114361
Philippines,2020,0.615907772
Poland,2020,0.561389127
Portugal,2020,0.36934794
Romania,2020,0.569215697
Russian Federation,2020,0.57027768
Saudi Arabia,2020,0.638943233
Senegal,2020,0.682503495
Serbia,2020,0.536957453
Slovakia,2020,0.530962559
Slovenia,2020,0.333343651
South Africa,2020,0.654705955
South Korea,2020,0.291361962
Spain,2020,0.41419697
Sri Lanka,2020,0.486752377
Sweden,2020,0.404011599
Switzerland,2020,0.300473195
Taiwan (Province of China),2020,0.416545415
Tajikistan,2020,0.704623918
Tanzania,2020,0.557980121
Thailand,2020,0.602672939
Tunisia,2020,0.677043851
Türkiye,2020,0.589700273
Uganda,2020,0.754249817
Ukraine,2020,0.656655051
United Arab Emirates,2020,0.657246528
United Kingdom of Great Britain and Northern Ireland,2020,0.431200185
United States of America,2020,0.577026479
Uruguay,2020,0.567143428
Uzbekistan,2020,0.569356583
Venezuela,2020,0.681264918
Vietnam,2020,0.6313525
Zambia,2020,0.756946622
Zimbabwe,2020,0.654542223
Afghanistan,2021,0.440442954
Albania,2021,0.571717164
Algeria,2021,0.576067883
Argentina,2021,0.756147372
Armenia,2021,0.60940279
Australia,2021,0.693622996
Austria,2021,0.508788087
Bangladesh,2021,0.685099952
Belgium,2021,0.518409603
Benin,2021,0.540185074
Bolivia,2021,0.751226027
Bosnia and Herzegovina,2021,0.623850386
Brazil,2021,0.756243276
Bulgaria,2021,0.715021518
Burkina Faso,2021,0.608826885
Cambodia,2021,0.231952112
Cameroon,2021,0.705951676
Canada,2021,0.645663594
Chile,2021,0.671295659
China,2021,0.647635168
Colombia,2021,0.762986663
Congo Brazzaville,2021,0.687885819
Costa Rica,2021,0.77648544
Cote d'Ivoire,2021,0.669258963
Croatia,2021,0.625756368
Cyprus,2021,0.626179401
Czech Republic,2021,0.640932677
Denmark,2021,0.60411782
Dominican Republic,2021,0.725791535
Ecuador,2021,0.744244838
Egypt,2021,0.569392653
El Salvador,2021,0.609273959
Estonia,2021,0.553212672
Finland,2021,0.531154315
France,2021,0.378039476
Gabon,2021,0.731297841
Georgia,2021,0.67697631
Germany,2021,0.53496374
Ghana,2021,0.611241889
Greece,2021,0.570934766
Guinea,2021,0.720964857
Honduras,2021,0.682506115
Hong Kong S.A.R. of China,2021,0.548135446
Hungary,2021,0.733872574
Iceland,2021,0.496552493
India,2021,0.567637726
Indonesia,2021,0.576923017
Iran,2021,0.639285913
Iraq,2021,0.731661117
Ireland,2021,0.545583635
Israel,2021,0.513709591
Italy,2021,0.435182972
Jamaica,2021,0.80336031
Japan,2021,0.244583403
Jordan,2021,0.732691357
Kazakhstan,2021,0.468888175
Kenya,2021,0.767846926
Kosovo,2021,0.635464977
Kyrgyzstan,2021,0.652463761
Lao People's Democratic Republic,2021,0.360031778
Latvia,2021,0.503243877
Lebanon,2021,0.499284998
Lithuania,2021,0.643255727
Malawi,2021,0.733475798
Malaysia,2021,0.656025913
Mali,2021,0.634243557
Malta,2021,0.475957365
Mauritius,2021,0.53507522
Mexico,2021,0.760172175
"Moldova, Republic of",2021,0.680535159
Mongolia,2021,0.498012728
Morocco,2021,0.729645692
Mozambique,2021,0.534226343
Myanmar,2021,0.553566637
Namibia,2021,0.676022107
Nepal,2021,0.549493871
Netherlands (Kingdom of the),2021,0.429028826
New Zealand,2021,0.65648994
Nicaragua,2021,0.644868028
Nigeria,2021,0.793237946
North Macedonia,2021,0.693113395
Norway,2021,0.499208825
Pakistan,2021,0.53128332
Panama,2021,0.642886771
Paraguay,2021,0.710356684
Peru,2021,0.704733686
Philippines,2021,0.749504565
Poland,2021,0.658033024
Portugal,2021,0.52285957
Romania,2021,0.613521978
Russian Federation,2021,0.708560446
Saudi Arabia,2021,0.636382017
Senegal,2021,0.709053924
Serbia,2021,0.679042422
Sierra Leone,2021,0.833960184
Singapore,2021,0.606850362
Slovakia,2021,0.633069213
Slovenia,2021,0.497531307
South Africa,2021,0.61511191
South Korea,2021,0.52683105
Spain,2021,0.500448286
Sri Lanka,2021,0.662815233
Sweden,2021,0.51282472
Switzerland,2021,0.400794015
Taiwan (Province of China),2021,0.514502589
Tajikistan,2021,0.596934006
Tanzania,2021,0.534241984
Thailand,2021,0.636159649
Togo,2021,0.570178291
Tunisia,2021,0.633408181
Türkiye,2021,0.747918912
Uganda,2021,0.765605868
Ukraine,2021,0.751285603
United Arab Emirates,2021,0.648884024
United Kingdom of Great Britain and Northern Ireland,2021,0.523780823
United States of America,2021,0.797630168
Uruguay,2021,0.718615961
Uzbekistan,2021,0.542331956
Venezuela,2021,0.818778775
Vietnam,2021,0.637739617
Zambia,2021,0.739443275
Zimbabwe,2021,0.632846495
Afghanistan,2022,0.441116099
Albania,2022,0.51914499
Algeria,2022,0.52778818
Argentina,2022,0.658415385
Armenia,2022,0.588321245
Australia,2022,0.64641022
Austria,2022,0.497820958
Azerbaijan,2022,0.665684392
Bangladesh,2022,0.679221258
Belgium,2022,0.517153966
Benin,2022,0.496476094
Bolivia,2022,0.683255589
Bosnia and Herzegovina,2022,0.535445699
Botswana,2022,0.73282312
Brazil,2022,0.638753581
Bulgaria,2022,0.43935863
Cambodia,2022,0.224491431
Cameroon,2022,0.713859711
Canada,2022,0.669100883
Chad,2022,0.676281367
Chile,2022,0.680977108
Colombia,2022,0.664346885
Comoros,2022,0.580122874
Congo (Kinshasa),2022,0.687129153
Congo Brazzaville,2022,0.741110646
Costa Rica,2022,0.710227768
Cote d'Ivoire,2022,0.685289222
Croatia,2022,0.296204267
Cyprus,2022,0.631713165
Czech Republic,2022,0.632805905
Denmark,2022,0.622971437
Dominican Republic,2022,0.739602855
Ecuador,2022,0.651536186
Egypt,2022,0.631688023
El Salvador,2022,0.648824177
Estonia,2022,0.576508822
Eswatini,2022,0.708273615
Ethiopia,2022,0.62006803
Finland,2022,0.567867687
France,2022,0.402811324
Gabon,2022,0.691968729
Gambia,2022,0.684969007
Georgia,2022,0.722295278
Germany,2022,0.636084357
Ghana,2022,0.672307784
Greece,2022,0.428539214
Guatemala,2022,0.618739844
Guinea,2022,0.681144643
Honduras,2022,0.672519241
Hong Kong S.A.R. of China,2022,0.541771568
Hungary,2022,0.73931971
Iceland,2022,0.486007682
India,2022,0.600934772
Indonesia,2022,0.609369266
Iran,2022,0.671896537
Iraq,2022,0.747490544
Ireland,2022,0.562270036
Israel,2022,0.531681048
Italy,2022,0.531530344
Jamaica,2022,0.826555255
Japan,2022,0.212372371
Jordan,2022,0.641940128
Kazakhstan,2022,0.485547148
Kenya,2022,0.764067518
Kosovo,2022,0.633056332
Kuwait,2022,0.78730657
Kyrgyzstan,2022,0.670112823
Lao People's Democratic Republic,2022,0.407215716
Latvia,2022,0.572175105
Lebanon,2022,0.415580374
Lesotho,2022,0.634040599
Liberia,2022,0.802030451
Libya,2022,0.800822307
Lithuania,2022,0.409325384
Luxembourg,2022,0.426475032
Madagascar,2022,0.531691572
Malawi,2022,0.653740853
Malaysia,2022,0.554206496
Mali,2022,0.592201102
Malta,2022,0.564765911
Mauritania,2022,0.625796221
Mauritius,2022,0.484669974
Mexico,2022,0.619476298
"Moldova, Republic of",2022,0.672391072
Mongolia,2022,0.492670029
Montenegro,2022,0.384177264
Morocco,2022,0.696912752
Mozambique,2022,0.527518687
Myanmar,2022,0.536556409
Namibia,2022,0.728816934
Nepal,2022,0.491242402
Netherlands (Kingdom of the),2022,0.450577486
New Zealand,2022,0.649867365
Nicaragua,2022,0.628070183
Niger,2022,0.66438665
Nigeria,2022,0.792400866
North Macedonia,2022,0.492841132
Northern Cyprus,2022,0.756320879
Norway,2022,0.591790138
Pakistan,2022,0.368884243
Panama,2022,0.676073145
Paraguay,2022,0.692250605
Peru,2022,0.635510485
Philippines,2022,0.567520809
Poland,2022,0.223573302
Portugal,2022,0.52834465
Puerto Rico,2022,0.664696143
Romania,2022,0.556247902
Russian Federation,2022,0.572835787
Saudi Arabia,2022,0.669596735
Senegal,2022,0.766556077
Serbia,2022,0.397576747
Sierra Leone,2022,0.761326877
Singapore,2022,0.671450867
Slovakia,2022,0.480509095
Slovenia,2022,0.491613456
South Africa,2022,0.710129501
South Korea,2022,0.566661935
Spain,2022,0.54600577
Sri Lanka,2022,0.686060986
State of Palestine,2022,0.609774772
Sweden,2022,0.550945463
Switzerland,2022,0.415863835
Taiwan (Province of China),2022,0.546766379
Tajikistan,2022,0.686155508
Tanzania,2022,0.462262626
Thailand,2022,0.523408825
Togo,2022,0.588938841
Tunisia,2022,0.572984279
Türkiye,2022,0.536982811
Uganda,2022,0.699175838
Ukraine,2022,0.782922617
United Arab Emirates,2022,0.625839106
United Kingdom of Great Britain and Northern Ireland,2022,0.511418926
United States of America,2022,0.761937831
Uruguay,2022,0.703525707
Uzbekistan,2022,0.590977597
Venezuela,2022,0.747256579
Vietnam,2022,0.470881668
Yemen,2022,0.434720129
Zambia,2022,0.730618746
Zimbabwe,2022,0.609924811
Afghanistan,2023,0.52974566
Albania,2023,0.61130843
Argentina,2023,0.68342407
Armenia,2023,0.617412954
Australia,2023,0.692116302
Austria,2023,0.518938263
Azerbaijan,2023,0.634319403
Bahrain,2023,0.715005134
Bangladesh,2023,0.812933902
Belgium,2023,0.554418098
Benin,2023,0.524685353
Bolivia,2023,0.67499833
Bosnia and Herzegovina,2023,0.578579896
Botswana,2023,0.69845848
Brazil,2023,0.650822766
Bulgaria,2023,0.475603505
Burkina Faso,2023,0.643415279
Cambodia,2023,0.280131385
Cameroon,2023,0.678643606
Canada,2023,0.668665014
Chad,2023,0.717799682
Chile,2023,0.657418784
China,2023,0.538565665
Colombia,2023,0.674282658
Comoros,2023,0.592745072
Congo (Kinshasa),2023,0.673383522
Congo Brazzaville,2023,0.696978199
Costa Rica,2023,0.708470458
Cote d'Ivoire,2023,0.579991525
Croatia,2023,0.425990231
Cyprus,2023,0.647121048
Czech Republic,2023,0.640284209
Denmark,2023,0.602683338
Dominican Republic,2023,0.71457404
Ecuador,2023,0.605483548
Egypt,2023,0.721418355
El Salvador,2023,0.637626933
Estonia,2023,0.545207309
Eswatini,2023,0.705457213
Ethiopia,2023,0.655276216
Finland,2023,0.55285636
France,2023,0.377058804
Gabon,2023,0.70174344
Gambia,2023,0.778582159
Georgia,2023,0.705725234
Germany,2023,0.571969222
Ghana,2023,0.651797239
Greece,2023,0.630089282
Guatemala,2023,0.68959004
Guinea,2023,0.741705499
Honduras,2023,0.686748032
Hong Kong S.A.R. of China,2023,0.56144661
Hungary,2023,0.756668477
Iceland,2023,0.483669465
India,2023,0.647240857
Indonesia,2023,0.663876617
Iran,2023,0.691246581
Iraq,2023,0.755170288
Ireland,2023,0.591456928
Israel,2023,0.631661172
Italy,2023,0.539334041
Japan,2023,0.23630229
Jordan,2023,0.674727495
Kazakhstan,2023,0.445634001
Kenya,2023,0.81507505
Kosovo,2023,0.635196052
Kuwait,2023,0.636317789
Kyrgyzstan,2023,0.651084232
Lao People's Democratic Republic,2023,0.461151617
Latvia,2023,0.533771541
Lebanon,2023,0.489459861
Liberia,2023,0.800692221
Libya,2023,0.724604713
Lithuania,2023,0.409457391
Luxembourg,2023,0.486503872
Madagascar,2023,0.621913994
Malawi,2023,0.771226034
Malaysia,2023,0.623908553
Mali,2023,0.505404215
Malta,2023,0.55897405
Mauritania,2023,0.6694815
Mauritius,2023,0.533955287
Mexico,2023,0.63964949
"Moldova, Republic of",2023,0.581969798
Mongolia,2023,0.50892533
Montenegro,2023,0.494954432
Morocco,2023,0.729573439
Mozambique,2023,0.578401542
Myanmar,2023,0.52671784
Namibia,2023,0.661038772
Nepal,2023,0.531851375
Netherlands (Kingdom of the),2023,0.479534811
New Zealand,2023,0.604459038
Nicaragua,2023,0.662749542
Niger,2023,0.766232193
Nigeria,2023,0.809081229
North Macedonia,2023,0.493412716
Northern Cyprus,2023,0.709141125
Norway,2023,0.529456702
Pakistan,2023,0.491022967
Panama,2023,0.652856452
Paraguay,2023,0.662309043
Peru,2023,0.68430263
Philippines,2023,0.683210297
Poland,2023,0.230102858
Portugal,2023,0.548849091
Romania,2023,0.532849312
Russian Federation,2023,0.711547911
Saudi Arabia,2023,0.706992474
Senegal,2023,0.77976277
Serbia,2023,0.452739841
Sierra Leone,2023,0.779274754
Singapore,2023,0.754363547
Slovakia,2023,0.448852709
Slovenia,2023,0.49072493
Somalia,2023,0.658701143
South Africa,2023,0.64921174
South Korea,2023,0.530548172
Spain,2023,0.602491161
Sri Lanka,2023,0.648577679
State of Palestine,2023,0.642217863
Sweden,2023,0.584557358
Switzerland,2023,0.452230443
Taiwan (Province of China),2023,0.634128629
Tajikistan,2023,0.616393495
Tanzania,2023,0.540526428
Thailand,2023,0.642353261
Togo,2023,0.480368785
Tunisia,2023,0.551398896
Türkiye,2023,0.563975736
Uganda,2023,0.691796967
Ukraine,2023,0.772394303
United Arab Emirates,2023,0.654879548
United Kingdom of Great Britain and Northern Ireland,2023,0.546228527
United States of America,2023,0.759698023
Uruguay,2023,0.690608186
Uzbekistan,2023,0.606133344
Venezuela,2023,0.733753382
Vietnam,2023,0.517040038
Yemen,2023,0.524712291
Zambia,2023,0.68606741
Zimbabwe,2023,0.597983821
Albania,2024,0.507193127
Algeria,2024,0.597323598
Argentina,2024,0.619062669
Armenia,2024,0.530018837
Australia,2024,0.688649433
Austria,2024,0.574123788
Azerbaijan,2024,0.607716715
Bahrain,2024,0.663964655
Bangladesh,2024,0.740356384
Belgium,2024,0.483543432
Belize,2024,0.709969577
Benin,2024,0.493100909
Bolivia,2024,0.475033475
Bosnia and Herzegovina,2024,0.473590047
Botswana,2024,0.764337415
Brazil,2024,0.628093187
Bulgaria,2024,0.50825192
Burkina Faso,2024,0.643695706
Cambodia,2024,0.282463242
Cameroon,2024,0.654983706
Canada,2024,0.644831762
Chad,2024,0.701391468
Chile,2024,0.687631028
China,2024,0.427124218
Colombia,2024,0.462965338
Comoros,2024,0.616458874
Congo (Kinshasa),2024,0.628624101
Congo Brazzaville,2024,0.705626362
Costa Rica,2024,0.612895923
Cote d'Ivoire,2024,0.700532868
Croatia,2024,0.332636197
Cyprus,2024,0.583520369
Czech Republic,2024,0.612260989
Denmark,2024,0.596336039
Dominican Republic,2024,0.66563262
Ecuador,2024,0.468543096
Egypt,2024,0.680332121
El Salvador,2024,0.471447569
Estonia,2024,0.547315365
Eswatini,2024,0.687917524
Ethiopia,2024,0.443702922
Finland,2024,0.585461157
France,2024,0.438692146
Gabon,2024,0.764278775
Gambia,2024,0.737906117
Georgia,2024,0.602527452
Germany,2024,0.588229024
Ghana,2024,0.684139136
Greece,2024,0.580085836
Guatemala,2024,0.536347415
Guinea,2024,0.752922538
Honduras,2024,0.646726842
Hong Kong S.A.R. of China,2024,0.479859951
Hungary,2024,0.667217672
Iceland,2024,0.516580249
India,2024,0.582891623
Indonesia,2024,0.643431482
Iran,2024,0.716214797
Iraq,2024,0.678360665
Ireland,2024,0.585773276
Israel,2024,0.607864593
Italy,2024,0.469716262
Japan,2024,0.211642394
Jordan,2024,0.613010313
Kazakhstan,2024,0.384939306
Kenya,2024,0.809336113
Kosovo,2024,0.627050336
Kuwait,2024,0.699339187
Kyrgyzstan,2024,0.618453175
Lao People's Democratic Republic,2024,0.35236422
Latvia,2024,0.458816015
Lebanon,2024,0.404201978
Lesotho,2024,0.620708721
Liberia,2024,0.874106186
Libya,2024,0.556907275
Lithuania,2024,0.578579064
Madagascar,2024,0.553270734
Malawi,2024,0.753855883
Malaysia,2024,0.609611651
Mali,2024,0.604480426
Malta,2024,0.513666851
Mauritania,2024,0.716287864
Mauritius,2024,0.5287722
Mexico,2024,0.644572411
"Moldova, Republic of",2024,0.583905638
Mongolia,2024,0.400352042
Montenegro,2024,0.362630164
Morocco,2024,0.62341386
Mozambique,2024,0.581553517
Myanmar,2024,0.556944074
Namibia,2024,0.560439491
Nepal,2024,0.520103075
Netherlands (Kingdom of the),2024,0.442814053
New Zealand,2024,0.646924073
Nicaragua,2024,0.580710862
Niger,2024,0.790565431
Nigeria,2024,0.753269549
North Macedonia,2024,0.423606494
Northern Cyprus,2024,0.621399166
Norway,2024,0.55338741
Oman,2024,0.717744371
Pakistan,2024,0.518210251
Panama,2024,0.491438343
Paraguay,2024,0.621030246
Peru,2024,0.488079899
Philippines,2024,0.711800104
Poland,2024,0.267893895
Portugal,2024,0.489876202
Romania,2024,0.49831373
Russian Federation,2024,0.589208812
Rwanda,2024,0.56112847
Saudi Arabia,2024,0.640934089
Senegal,2024,0.809107119
Serbia,2024,0.439369195
Sierra Leone,2024,0.835037503
Singapore,2024,0.60695678
Slovakia,2024,0.419777382
Slovenia,2024,0.460542994
South Africa,2024,0.588003421
South Korea,2024,0.493862638
Spain,2024,0.638816096
Sri Lanka,2024,0.653552204
State of Palestine,2024,0.45781237
Sweden,2024,0.59527328
Switzerland,2024,0.453038545
Taiwan (Province of China),2024,0.565964
Tajikistan,2024,0.616181548
Tanzania,2024,0.585814515
Thailand,2024,0.564092877
Togo,2024,0.551831304
Trinidad and Tobago,2024,0.813319408
Tunisia,2024,0.688251428
Türkiye,2024,0.469059895
Uganda,2024,0.774481011
Ukraine,2024,0.703637385
United Arab Emirates,2024,0.598847949
United Kingdom of Great Britain and Northern Ireland,2024,0.554496357
United States of America,2024,0.709874446
Uruguay,2024,0.647145653
Uzbekistan,2024,0.493722642
Venezuela,2024,0.868747118
Vietnam,2024,0.528962137
Zambia,2024,0.842676442
Zimbabwe,2024,0.499477563
"Copyright © 2025 Gallup, Inc. All rights reserved.",,
Privacy Statement,,
Legal,,
Cookie Preferences,,
Do Not Sell or Share My Personal Information,,
California Collection Notice,,
Methodology,,
Gallup.com,,
Gallup Brain,,
Help,,
Contact Us,,
