"ISO","year","helped_a_stranger","country","value","avg_gdp","avg_help"
"AFG",2015,55.4438539,"Afghanistan",565.5697304,471.040418622222,47.0363244625
"AFG",2016,46.2660804,"Afghanistan",522.0822156,471.040418622222,47.0363244625
"AFG",2017,41.3098644,"Afghanistan",525.4697709,471.040418622222,47.0363244625
"AFG",2018,44.1605572,"Afghanistan",491.3372214,471.040418622222,47.0363244625
"AFG",2019,47.9797685,"Afghanistan",496.6025043,471.040418622222,47.0363244625
"AFG",2021,44.0442954,"Afghanistan",356.4962141,471.040418622222,47.0363244625
"AFG",2022,44.1116099,"Afghanistan",357.2611528,471.040418622222,47.0363244625
"AFG",2023,52.974566,"Afghanistan",413.7578947,471.040418622222,47.0363244625
"ALB",2015,45.6990471,"Albania",3981.726623,6080.7355686,50.31122851
"ALB",2016,43.4988655,"Albania",4168.375445,6080.7355686,50.31122851
"ALB",2017,42.2706975,"Albania",4614.047969,6080.7355686,50.31122851
"ALB",2018,47.6625316,"Albania",5365.488802,6080.7355686,50.31122851
"ALB",2019,45.0397729,"Albania",5460.430509,6080.7355686,50.31122851
"ALB",2020,58.0049994,"Albania",5370.7775,6080.7355686,50.31122851
"ALB",2021,57.1717164,"Albania",6413.282808,6080.7355686,50.31122851
"ALB",2022,51.914499,"Albania",6846.426694,6080.7355686,50.31122851
"ALB",2023,61.130843,"Albania",8575.171346,6080.7355686,50.31122851
"ALB",2024,50.7193127,"Albania",10011.62799,6080.7355686,50.31122851
"ARE",2015,74.8036461,"United Arab Emirates",43534.99727,44599.452285,65.41849229
"ARE",2016,70.6984226,"United Arab Emirates",41326.40182,44599.452285,65.41849229
"ARE",2017,68.2969154,"United Arab Emirates",42340.59172,44599.452285,65.41849229
"ARE",2018,59.9113972,"United Arab Emirates",45689.857,44599.452285,65.41849229
"ARE",2019,61.9048261,"United Arab Emirates",44251.45414,44599.452285,65.41849229
"ARE",2020,65.7246528,"United Arab Emirates",37173.87541,44599.452285,65.41849229
"ARE",2021,64.8884024,"United Arab Emirates",43360.0211,44599.452285,65.41849229
"ARE",2022,62.5839106,"United Arab Emirates",49899.0653,44599.452285,65.41849229
"ARE",2023,65.4879548,"United Arab Emirates",49040.69475,44599.452285,65.41849229
"ARE",2024,59.8847949,"United Arab Emirates",49377.56434,44599.452285,65.41849229
"ARG",2015,52.6688469,"Argentina",13679.6265,12387.5849537,59.06272083
"ARG",2016,55.5695751,"Argentina",12699.96231,12387.5849537,59.06272083
"ARG",2017,51.5634624,"Argentina",14532.50093,12387.5849537,59.06272083
"ARG",2018,49.693509,"Argentina",11752.79989,12387.5849537,59.06272083
"ARG",2019,51.2755897,"Argentina",9955.974787,12387.5849537,59.06272083
"ARG",2020,58.1512756,"Argentina",8535.59938,12387.5849537,59.06272083
"ARG",2021,75.6147372,"Argentina",10738.01792,12387.5849537,59.06272083
"ARG",2022,65.8415385,"Argentina",13935.68111,12387.5849537,59.06272083
"ARG",2023,68.342407,"Argentina",14187.48273,12387.5849537,59.06272083
"ARG",2024,61.9062669,"Argentina",13858.20398,12387.5849537,59.06272083
"ARM",2015,46.7813522,"Armenia",3512.393503,5185.082105,52.8421779222222
"ARM",2016,43.9009396,"Armenia",3524.424769,5185.082105,52.8421779222222
"ARM",2017,44.8094283,"Armenia",3869.053739,5185.082105,52.8421779222222
"ARM",2018,51.5667071,"Armenia",4196.005623,5185.082105,52.8421779222222
"ARM",2019,54.0055915,"Armenia",4597.228874,5185.082105,52.8421779222222
"ARM",2021,60.940279,"Armenia",4685.179971,5185.082105,52.8421779222222
"ARM",2022,58.8321245,"Armenia",6571.974455,5185.082105,52.8421779222222
"ARM",2023,61.7412954,"Armenia",8125.273958,5185.082105,52.8421779222222
"ARM",2024,53.0018837,"Armenia",8500.605225,5185.082105,52.8421779222222
"AUS",2015,68.1437902,"Australia",56739.02653,57933.764295,62.9627246
"AUS",2016,65.5948237,"Australia",49888.04108,57933.764295,62.9627246
"AUS",2017,64.6451725,"Australia",53901.71454,57933.764295,62.9627246
"AUS",2018,45.2186651,"Australia",57196.42208,57933.764295,62.9627246
"AUS",2019,56.7736711,"Australia",54972.70179,57933.764295,62.9627246
"AUS",2020,57.1712283,"Australia",51791.54018,57933.764295,62.9627246
"AUS",2021,69.3622996,"Australia",60607.77886,57933.764295,62.9627246
"AUS",2022,64.641022,"Australia",64997.01365,57933.764295,62.9627246
"AUS",2023,69.2116302,"Australia",64835.91998,57933.764295,62.9627246
"AUS",2024,68.8649433,"Australia",64407.48426,57933.764295,62.9627246
"AUT",2015,52.2285919,"Austria",43915.22802,50462.910342,50.77840876
"AUT",2016,51.2642948,"Austria",45061.49939,50462.910342,50.77840876
"AUT",2017,52.4855242,"Austria",47163.74258,50462.910342,50.77840876
"AUT",2018,48.8610571,"Austria",51194.07498,50462.910342,50.77840876
"AUT",2019,51.2179803,"Austria",49885.99474,50462.910342,50.77840876
"AUT",2020,41.7595297,"Austria",48716.40989,50462.910342,50.77840876
"AUT",2021,50.8788087,"Austria",53648.71907,50462.910342,50.77840876
"AUT",2022,49.7820958,"Austria",52176.66491,50462.910342,50.77840876
"AUT",2023,51.8938263,"Austria",56033.57379,50462.910342,50.77840876
"AUT",2024,57.4123788,"Austria",56833.19605,50462.910342,50.77840876
"AZE",2015,33.319223,"Azerbaijan",5500.503646,5489.934928,45.1540485
"AZE",2016,30.2074696,"Azerbaijan",3880.685228,5489.934928,45.1540485
"AZE",2017,34.9590058,"Azerbaijan",4147.198142,5489.934928,45.1540485
"AZE",2018,37.6925155,"Azerbaijan",4739.794312,5489.934928,45.1540485
"AZE",2019,34.2821231,"Azerbaijan",4805.753718,5489.934928,45.1540485
"AZE",2022,66.5684392,"Azerbaijan",7770.594223,5489.934928,45.1540485
"AZE",2023,63.4319403,"Azerbaijan",7133.02838,5489.934928,45.1540485
"AZE",2024,60.7716715,"Azerbaijan",7283.83563,5489.934928,45.1540485
"BDI",2018,33.7786854,"Burundi",224.8993924,220.88217402,33.7786854
"BEL",2015,54.3252514,"Belgium",40893.80454,48001.899372,44.98427446
"BEL",2016,45.9880068,"Belgium",41854.54983,48001.899372,44.98427446
"BEL",2017,51.1028726,"Belgium",44035.32394,48001.899372,44.98427446
"BEL",2018,31.5905575,"Belgium",47487.21004,48001.899372,44.98427446
"BEL",2019,34.9066261,"Belgium",46716.62275,48001.899372,44.98427446
"BEL",2020,24.5769203,"Belgium",45906.28758,48001.899372,44.98427446
"BEL",2021,51.8409603,"Belgium",51658.23829,48001.899372,44.98427446
"BEL",2022,51.7153966,"Belgium",50822.25185,48001.899372,44.98427446
"BEL",2023,55.4418098,"Belgium",54690.09427,48001.899372,44.98427446
"BEL",2024,48.3543432,"Belgium",55954.61063,48001.899372,44.98427446
"BEN",2015,44.8587617,"Benin",1002.418869,1201.5320163,49.69950084
"BEN",2016,40.7871055,"Benin",1010.533896,1201.5320163,49.69950084
"BEN",2017,47.6213762,"Benin",1054.974081,1201.5320163,49.69950084
"BEN",2018,46.6760099,"Benin",1151.74097,1201.5320163,49.69950084
"BEN",2019,51.0650462,"Benin",1130.821353,1201.5320163,49.69950084
"BEN",2020,60.5419659,"Benin",1200.194266,1201.5320163,49.69950084
"BEN",2021,54.0185074,"Benin",1318.651581,1201.5320163,49.69950084
"BEN",2022,49.6476094,"Benin",1266.42711,1201.5320163,49.69950084
"BEN",2023,52.4685353,"Benin",1394.177847,1201.5320163,49.69950084
"BEN",2024,49.3100909,"Benin",1485.38019,1201.5320163,49.69950084
"BFA",2015,62.6926169,"Burkina Faso",630.1247508,797.21791678,59.4441590222222
"BFA",2016,51.4671391,"Burkina Faso",663.7423648,797.21791678,59.4441590222222
"BFA",2017,55.844808,"Burkina Faso",709.0915359,797.21791678,59.4441590222222
"BFA",2018,53.3062201,"Burkina Faso",777.4656185,797.21791678,59.4441590222222
"BFA",2019,54.9668948,"Burkina Faso",764.8530778,797.21791678,59.4441590222222
"BFA",2020,67.1259653,"Burkina Faso",825.2370388,797.21791678,59.4441590222222
"BFA",2021,60.8826885,"Burkina Faso",895.5352884,797.21791678,59.4441590222222
"BFA",2023,64.3415279,"Burkina Faso",882.6898101,797.21791678,59.4441590222222
"BFA",2024,64.3695706,"Burkina Faso",987.3213781,797.21791678,59.4441590222222
"BGD",2015,56.1780495,"Bangladesh",1224.386477,2137.2414906,62.07442146
"BGD",2016,33.7270377,"Bangladesh",1649.283809,2137.2414906,62.07442146
"BGD",2017,57.0926822,"Bangladesh",1811.082217,2137.2414906,62.07442146
"BGD",2018,60.3577045,"Bangladesh",1965.243727,2137.2414906,62.07442146
"BGD",2019,58.2445608,"Bangladesh",2129.79897,2137.2414906,62.07442146
"BGD",2020,63.3830303,"Bangladesh",2248.850788,2137.2414906,62.07442146
"BGD",2021,68.5099952,"Bangladesh",2482.849178,2137.2414906,62.07442146
"BGD",2022,67.9221258,"Bangladesh",2716.485928,2137.2414906,62.07442146
"BGD",2023,81.2933902,"Bangladesh",2551.017738,2137.2414906,62.07442146
"BGD",2024,74.0356384,"Bangladesh",2593.416074,2137.2414906,62.07442146
"BGR",2015,42.4727379,"Bulgaria",7268.654455,11507.114269,47.90031477
"BGR",2016,33.5450892,"Bulgaria",7822.499233,11507.114269,47.90031477
"BGR",2017,42.1943746,"Bulgaria",8696.689304,11507.114269,47.90031477
"BGR",2018,39.4981111,"Bulgaria",9872.385078,11507.114269,47.90031477
"BGR",2019,43.3605644,"Bulgaria",10372.80443,11507.114269,47.90031477
"BGR",2020,64.1087132,"Bulgaria",10769.94757,11507.114269,47.90031477
"BGR",2021,71.5021518,"Bulgaria",12972.21734,11507.114269,47.90031477
"BGR",2022,43.935863,"Bulgaria",13999.67192,11507.114269,47.90031477
"BGR",2023,47.5603505,"Bulgaria",15883.86185,11507.114269,47.90031477
"BGR",2024,50.825192,"Bulgaria",17412.41151,11507.114269,47.90031477
"BHR",2015,65.589884,"Bahrain",23734.05511,26720.249738,68.6762835714286
"BHR",2016,72.3744092,"Bahrain",23800.00144,26720.249738,68.6762835714286
"BHR",2017,74.3841531,"Bahrain",24784.76935,26720.249738,68.6762835714286
"BHR",2019,66.0316289,"Bahrain",27259.74386,26720.249738,68.6762835714286
"BHR",2020,64.4569309,"Bahrain",24342.84446,26720.249738,68.6762835714286
"BHR",2023,71.5005134,"Bahrain",29290.12842,26720.249738,68.6762835714286
"BHR",2024,66.3964655,"Bahrain",30048.21777,26720.249738,68.6762835714286
"BIH",2015,35.0121516,"Bosnia and Herzegovina",4662.258837,6580.7711943,48.27781172
"BIH",2016,53.1485964,"Bosnia and Herzegovina",4928.566525,6580.7711943,48.27781172
"BIH",2017,36.8693641,"Bosnia and Herzegovina",5345.019855,6580.7711943,48.27781172
"BIH",2018,43.7778412,"Bosnia and Herzegovina",6047.845843,6580.7711943,48.27781172
"BIH",2019,42.5212033,"Bosnia and Herzegovina",6122.375345,6580.7711943,48.27781172
"BIH",2020,50.3023578,"Bosnia and Herzegovina",6130.311332,6580.7711943,48.27781172
"BIH",2021,62.3850386,"Bosnia and Herzegovina",7295.343824,6580.7711943,48.27781172
"BIH",2022,53.5445699,"Bosnia and Herzegovina",7655.59421,6580.7711943,48.27781172
"BIH",2023,57.8579896,"Bosnia and Herzegovina",8663.02323,6580.7711943,48.27781172
"BIH",2024,47.3590047,"Bosnia and Herzegovina",8957.372942,6580.7711943,48.27781172
"BLR",2015,34.3192564,"Belarus",5967.055951,6823.0811831,28.00671518
"BLR",2016,26.7707944,"Belarus",5039.775609,6823.0811831,28.00671518
"BLR",2017,30.9035979,"Belarus",5785.544919,6823.0811831,28.00671518
"BLR",2018,24.081783,"Belarus",6360.037502,6823.0811831,28.00671518
"BLR",2019,23.9581442,"Belarus",6837.773396,6823.0811831,28.00671518
"BLZ",2024,70.9969577,"Belize",8429.679597,6489.8844417,70.9969577
"BOL",2015,55.0499444,"Bolivia",2996.012898,3415.901845,57.35227921
"BOL",2016,53.6330767,"Bolivia",3035.873477,3415.901845,57.35227921
"BOL",2017,48.5647759,"Bolivia",3306.303012,3415.901845,57.35227921
"BOL",2018,44.9397288,"Bolivia",3500.726422,3415.901845,57.35227921
"BOL",2019,49.3369275,"Bolivia",3503.896011,3415.901845,57.35227921
"BOL",2020,63.5469967,"Bolivia",3099.942191,3415.901845,57.35227921
"BOL",2021,75.1226027,"Bolivia",3384.844865,3415.901845,57.35227921
"BOL",2022,68.3255589,"Bolivia",3643.92827,3415.901845,57.35227921
"BOL",2023,67.499833,"Bolivia",3686.279964,3415.901845,57.35227921
"BOL",2024,47.5033475,"Bolivia",4001.21134,3415.901845,57.35227921
"BRA",2015,53.9115843,"Brazil",8936.196617,9116.9455257,58.46115093
"BRA",2016,53.5610679,"Brazil",8836.286527,9116.9455257,58.46115093
"BRA",2017,42.8858926,"Brazil",10080.50928,9116.9455257,58.46115093
"BRA",2018,46.3368741,"Brazil",9300.661649,9116.9455257,58.46115093
"BRA",2019,57.4285462,"Brazil",9029.833267,9116.9455257,58.46115093
"BRA",2020,63.0962632,"Brazil",7074.193783,9116.9455257,58.46115093
"BRA",2021,75.6243276,"Brazil",7972.53665,9116.9455257,58.46115093
"BRA",2022,63.8753581,"Brazil",9281.333344,9116.9455257,58.46115093
"BRA",2023,65.0822766,"Brazil",10377.58928,9116.9455257,58.46115093
"BRA",2024,62.8093187,"Brazil",10280.31486,9116.9455257,58.46115093
"BTN",2015,51.5618043,"Bhutan",2954.040819,3425.74895488889,51.5618043
"BWA",2015,73.2498176,"Botswana",6141.203947,7255.6767196,68.0033163125
"BWA",2016,63.9865994,"Botswana",6749.059943,7255.6767196,68.0033163125
"BWA",2017,58.8797432,"Botswana",7104.964011,7255.6767196,68.0033163125
"BWA",2018,65.9836991,"Botswana",7407.959401,7255.6767196,68.0033163125
"BWA",2019,62.3647697,"Botswana",7172.089565,7255.6767196,68.0033163125
"BWA",2022,73.282312,"Botswana",8328.709057,7255.6767196,68.0033163125
"BWA",2023,69.845848,"Botswana",7826.353765,7255.6767196,68.0033163125
"BWA",2024,76.4337415,"Botswana",7695.242064,7255.6767196,68.0033163125
"CAF",2016,40.942757,"Central African Republic",387.1762034,452.49468744,46.26643265
"CAF",2017,51.5901083,"Central African Republic",432.3240257,452.49468744,46.26643265
"CAN",2015,65.0262188,"Canada",43594.1941,48511.417708,61.4974399
"CAN",2016,66.8550519,"Canada",42314.06158,48511.417708,61.4974399
"CAN",2017,56.9265002,"Canada",45129.62812,48511.417708,61.4974399
"CAN",2018,51.4343513,"Canada",46539.17616,48511.417708,61.4974399
"CAN",2019,59.7409343,"Canada",46352.86934,48511.417708,61.4974399
"CAN",2020,52.1652172,"Canada",43537.8393,48511.417708,61.4974399
"CAN",2021,64.5663594,"Canada",52886.66164,48511.417708,61.4974399
"CAN",2022,66.9100883,"Canada",56256.80073,48511.417708,61.4974399
"CAN",2023,66.8665014,"Canada",54220.3285,48511.417708,61.4974399
"CAN",2024,64.4831762,"Canada",54282.61761,48511.417708,61.4974399
"CHE",2015,53.4599165,"Switzerland",83806.4476,89581.194285,40.94365232
"CHE",2016,39.2189266,"Switzerland",82153.07454,89581.194285,40.94365232
"CHE",2017,39.6420581,"Switzerland",82254.37705,89581.194285,40.94365232
"CHE",2018,37.4133672,"Switzerland",85217.36915,89581.194285,40.94365232
"CHE",2019,37.4622515,"Switzerland",84121.93103,89581.194285,40.94365232
"CHE",2020,30.0473195,"Switzerland",85897.78433,89581.194285,40.94365232
"CHE",2021,40.0794015,"Switzerland",93664.77367,89581.194285,40.94365232
"CHE",2022,41.5863835,"Switzerland",94394.51068,89581.194285,40.94365232
"CHE",2023,45.2230443,"Switzerland",100631.8028,89581.194285,40.94365232
"CHE",2024,45.3038545,"Switzerland",103669.872,89581.194285,40.94365232
"CHL",2015,59.4729394,"Chile",13433.9203,15062.306904,62.01439875
"CHL",2016,50.5516901,"Chile",13649.85205,15062.306904,62.01439875
"CHL",2017,54.1496805,"Chile",14879.90862,15062.306904,62.01439875
"CHL",2018,57.343778,"Chile",15659.48087,15062.306904,62.01439875
"CHL",2019,61.982902,"Chile",14495.71672,15062.306904,62.01439875
"CHL",2020,66.9107396,"Chile",13114.81547,15062.306904,62.01439875
"CHL",2021,67.1295659,"Chile",16206.83255,15062.306904,62.01439875
"CHL",2022,68.0977108,"Chile",15405.61658,15062.306904,62.01439875
"CHL",2023,65.7418784,"Chile",17067.03648,15062.306904,62.01439875
"CHL",2024,68.7631028,"Chile",16709.8894,15062.306904,62.01439875
"CHN",2015,23.97816,"China",8175.332851,10857.8274281,40.1342390555556
"CHN",2016,29.5650286,"China",8254.868593,10857.8274281,40.1342390555556
"CHN",2017,31.4768238,"China",8979.676527,10857.8274281,40.1342390555556
"CHN",2018,34.150403,"China",10085.66381,10857.8274281,40.1342390555556
"CHN",2019,32.009404,"China",10342.90095,10857.8274281,40.1342390555556
"CHN",2020,48.695827,"China",10627.4638,10857.8274281,40.1342390555556
"CHN",2021,64.7635168,"China",12887.43572,10857.8274281,40.1342390555556
"CHN",2023,53.8565665,"China",12951.17824,10857.8274281,40.1342390555556
"CHN",2024,42.7124218,"China",13303.14815,10857.8274281,40.1342390555556
"CIV",2015,54.476971,"Cote d'Ivoire",1814.718551,2214.7898453,61.42875741
"CIV",2016,56.6816044,"Cote d'Ivoire",1862.595971,2214.7898453,61.42875741
"CIV",2017,55.3786232,"Cote d'Ivoire",1964.299303,2214.7898453,61.42875741
"CIV",2018,53.243519,"Cote d'Ivoire",2130.866194,2214.7898453,61.42875741
"CIV",2019,66.001012,"Cote d'Ivoire",2141.768362,2214.7898453,61.42875741
"CIV",2020,64.9985867,"Cote d'Ivoire",2179.729348,2214.7898453,61.42875741
"CIV",2021,66.9258963,"Cote d'Ivoire",2455.981276,2214.7898453,61.42875741
"CIV",2022,68.5289222,"Cote d'Ivoire",2333.371283,2214.7898453,61.42875741
"CIV",2023,57.9991525,"Cote d'Ivoire",2554.673049,2214.7898453,61.42875741
"CIV",2024,70.0532868,"Cote d'Ivoire",2709.895116,2214.7898453,61.42875741
"CMR",2015,66.7280001,"Cameroon",1415.000097,1585.0769621,67.21731995
"CMR",2016,58.6445818,"Cameroon",1441.720173,1585.0769621,67.21731995
"CMR",2017,66.8524137,"Cameroon",1496.089518,1585.0769621,67.21731995
"CMR",2018,64.2993255,"Cameroon",1610.696416,1585.0769621,67.21731995
"CMR",2019,61.9439733,"Cameroon",1555.226605,1585.0769621,67.21731995
"CMR",2020,78.3610352,"Cameroon",1555.603707,1585.0769621,67.21731995
"CMR",2021,70.5951676,"Cameroon",1672.326573,1585.0769621,67.21731995
"CMR",2022,71.3859711,"Cameroon",1604.87727,1585.0769621,67.21731995
"CMR",2023,67.8643606,"Cameroon",1736.860911,1585.0769621,67.21731995
"CMR",2024,65.4983706,"Cameroon",1762.368351,1585.0769621,67.21731995
"COD",2015,38.2048536,"Congo, Dem. Rep.",467.9145805,542.11087094,54.8622838
"COD",2016,36.1685111,"Congo, Dem. Rep.",442.3104721,542.11087094,54.8622838
"COD",2017,55.8866605,"Congo, Dem. Rep.",436.5845347,542.11087094,54.8622838
"COD",2022,68.7129153,"Congo, Dem. Rep.",642.6122671,542.11087094,54.8622838
"COD",2023,67.3383522,"Congo, Dem. Rep.",633.3956617,542.11087094,54.8622838
"COD",2024,62.8624101,"Congo, Dem. Rep.",647.4357048,542.11087094,54.8622838
"COG",2015,63.5712067,"Congo, Rep.",2439.351894,2401.7765746,63.71968858
"COG",2016,64.5312706,"Congo, Rep.",2093.107286,2401.7765746,63.71968858
"COG",2017,50.5031818,"Congo, Rep.",2211.633099,2401.7765746,63.71968858
"COG",2018,53.315715,"Congo, Rep.",2694.434132,2401.7765746,63.71968858
"COG",2019,60.0931173,"Congo, Rep.",2488.424667,2401.7765746,63.71968858
"COG",2020,62.0222918,"Congo, Rep.",1993.586672,2401.7765746,63.71968858
"COG",2021,68.7885819,"Congo, Rep.",2516.162551,2401.7765746,63.71968858
"COG",2022,74.1110646,"Congo, Rep.",2620.838043,2401.7765746,63.71968858
"COG",2023,69.6978199,"Congo, Rep.",2477.978455,2401.7765746,63.71968858
"COG",2024,70.5626362,"Congo, Rep.",2482.248947,2401.7765746,63.71968858
"COL",2015,58.6322694,"Colombia",6248.514905,6513.4981801,60.59217528
"COL",2016,62.9141163,"Colombia",5959.842504,6513.4981801,60.59217528
"COL",2017,55.5024822,"Colombia",6479.532313,6513.4981801,60.59217528
"COL",2018,48.5282024,"Colombia",6816.968183,6513.4981801,60.59217528
"COL",2019,56.7882113,"Colombia",6472.545449,6513.4981801,60.59217528
"COL",2020,67.0983168,"Colombia",5339.687114,6513.4981801,60.59217528
"COL",2021,76.2986663,"Colombia",6222.621644,6513.4981801,60.59217528
"COL",2022,66.4346885,"Colombia",6680.445069,6513.4981801,60.59217528
"COL",2023,67.4282658,"Colombia",7000.836605,6513.4981801,60.59217528
"COL",2024,46.2965338,"Colombia",7913.988015,6513.4981801,60.59217528
"COM",2018,64.9922317,"Comoros",1540.711323,1529.3850171,62.0534896
"COM",2019,66.3425343,"Comoros",1519.263863,1529.3850171,62.0534896
"COM",2022,58.0122874,"Comoros",1533.877553,1529.3850171,62.0534896
"COM",2023,59.2745072,"Comoros",1682.202851,1529.3850171,62.0534896
"COM",2024,61.6458874,"Comoros",1784.115469,1529.3850171,62.0534896
"CRI",2015,61.048752,"Costa Rica",11714.7106,13598.501524,62.56049662
"CRI",2016,63.411124,"Costa Rica",12091.03016,13598.501524,62.56049662
"CRI",2017,58.8416709,"Costa Rica",12317.09028,13598.501524,62.56049662
"CRI",2018,51.8614077,"Costa Rica",12590.24938,13598.501524,62.56049662
"CRI",2019,51.661181,"Costa Rica",12884.686,13598.501524,62.56049662
"CRI",2020,57.9728717,"Costa Rica",12394.0494,13598.501524,62.56049662
"CRI",2021,77.648544,"Costa Rica",12838.11854,13598.501524,62.56049662
"CRI",2022,71.0227768,"Costa Rica",13625.90085,13598.501524,62.56049662
"CRI",2023,70.8470458,"Costa Rica",16942.02681,13598.501524,62.56049662
"CRI",2024,61.2895923,"Costa Rica",18587.15322,13598.501524,62.56049662
"CYP",2015,52.7372949,"Cyprus",23487.22852,30568.549806,58.1425217823529
"CYP",2015,58.8439846,"Cyprus",23487.22852,30568.549806,58.1425217823529
"CYP",2016,53.4171772,"Cyprus",24715.1543,30568.549806,58.1425217823529
"CYP",2016,54.3973699,"Cyprus",24715.1543,30568.549806,58.1425217823529
"CYP",2017,59.5729477,"Cyprus",26696.99023,30568.549806,58.1425217823529
"CYP",2018,46.6162607,"Cyprus",29599.98633,30568.549806,58.1425217823529
"CYP",2018,48.571594,"Cyprus",29599.98633,30568.549806,58.1425217823529
"CYP",2019,51.1097079,"Cyprus",29703.05273,30568.549806,58.1425217823529
"CYP",2019,56.8528418,"Cyprus",29703.05273,30568.549806,58.1425217823529
"CYP",2020,48.7641763,"Cyprus",28649.01563,30568.549806,58.1425217823529
"CYP",2021,62.6179401,"Cyprus",33734.03516,30568.549806,58.1425217823529
"CYP",2022,63.1713165,"Cyprus",33894.44922,30568.549806,58.1425217823529
"CYP",2022,75.6320879,"Cyprus",33894.44922,30568.549806,58.1425217823529
"CYP",2023,70.9141125,"Cyprus",36551.41797,30568.549806,58.1425217823529
"CYP",2023,64.7121048,"Cyprus",36551.41797,30568.549806,58.1425217823529
"CYP",2024,58.3520369,"Cyprus",38654.16797,30568.549806,58.1425217823529
"CYP",2024,62.1399166,"Cyprus",38654.16797,30568.549806,58.1425217823529
"CZE",2015,30.4976915,"Czechia",17931.59877,24811.667446,43.7254225444444
"CZE",2016,23.0314483,"Czechia",18753.96867,24811.667446,43.7254225444444
"CZE",2017,26.4613246,"Czechia",20913.19763,24811.667446,43.7254225444444
"CZE",2018,16.3564063,"Czechia",23705.93298,24811.667446,43.7254225444444
"CZE",2020,44.5535542,"Czechia",23472.89155,24811.667446,43.7254225444444
"CZE",2021,64.0932677,"Czechia",27696.46195,24811.667446,43.7254225444444
"CZE",2022,63.2805905,"Czechia",28282.22367,24811.667446,43.7254225444444
"CZE",2023,64.0284209,"Czechia",31591.05682,24811.667446,43.7254225444444
"CZE",2024,61.2260989,"Czechia",31706.62342,24811.667446,43.7254225444444
"DEU",2015,54.8397065,"Germany",41911.01099,48596.953335,53.74730639
"DEU",2016,57.5048172,"Germany",42961.03569,48596.953335,53.74730639
"DEU",2017,57.5545125,"Germany",45526.59996,48596.953335,53.74730639
"DEU",2018,49.7481779,"Germany",48874.8595,48596.953335,53.74730639
"DEU",2019,44.5050829,"Germany",47623.86561,48596.953335,53.74730639
"DEU",2020,40.1961326,"Germany",47379.76519,48596.953335,53.74730639
"DEU",2021,53.496374,"Germany",52265.65416,48596.953335,53.74730639
"DEU",2022,63.6084357,"Germany",49686.11546,48596.953335,53.74730639
"DEU",2023,57.1969222,"Germany",53940.40734,48596.953335,53.74730639
"DEU",2024,58.8229024,"Germany",55800.21945,48596.953335,53.74730639
"DNK",2015,54.4876919,"Denmark",53094.01336,62495.59519,55.29927201
"DNK",2016,57.3116635,"Denmark",54500.92604,62495.59519,55.29927201
"DNK",2017,57.9553701,"Denmark",57521.5515,62495.59519,55.29927201
"DNK",2018,41.1217095,"Denmark",61324.7665,62495.59519,55.29927201
"DNK",2019,53.0284665,"Denmark",59404.26632,62495.59519,55.29927201
"DNK",2020,46.4769552,"Denmark",60985.48856,62495.59519,55.29927201
"DNK",2021,60.411782,"Denmark",69727.98737,62495.59519,55.29927201
"DNK",2022,62.2971437,"Denmark",68091.31911,62495.59519,55.29927201
"DNK",2023,60.2683338,"Denmark",68453.87693,62495.59519,55.29927201
"DNK",2024,59.6336039,"Denmark",71851.75621,62495.59519,55.29927201
"DOM",2015,63.9742455,"Dominican Republic",6800.953094,8471.2746001,65.65029571
"DOM",2016,65.3787279,"Dominican Republic",7160.44201,8471.2746001,65.65029571
"DOM",2017,64.346081,"Dominican Republic",7412.715716,8471.2746001,65.65029571
"DOM",2018,52.0593416,"Dominican Republic",7882.982216,8471.2746001,65.65029571
"DOM",2019,55.8068453,"Dominican Republic",8183.016236,8471.2746001,65.65029571
"DOM",2020,70.3776108,"Dominican Republic",7135.222733,8471.2746001,65.65029571
"DOM",2021,72.5791535,"Dominican Republic",8527.075486,8471.2746001,65.65029571
"DOM",2022,73.9602855,"Dominican Republic",10104.24493,8471.2746001,65.65029571
"DOM",2023,71.457404,"Dominican Republic",10630.43174,8471.2746001,65.65029571
"DOM",2024,66.563262,"Dominican Republic",10875.66184,8471.2746001,65.65029571
"DZA",2017,53.4983678,"Algeria",4554.66754,4657.1237305,54.4283883142857
"DZA",2018,44.0072034,"Algeria",4577.210292,4657.1237305,54.4283883142857
"DZA",2019,53.2044832,"Algeria",4468.453419,4657.1237305,54.4283883142857
"DZA",2020,60.1706977,"Algeria",3743.541952,4657.1237305,54.4283883142857
"DZA",2021,57.6067883,"Algeria",4160.559267,4657.1237305,54.4283883142857
"DZA",2022,52.778818,"Algeria",4961.552577,4657.1237305,54.4283883142857
"DZA",2024,59.7323598,"Algeria",5631.179991,4657.1237305,54.4283883142857
"ECU",2015,47.0453106,"Ecuador",5976.159681,6228.9203524,54.45862768
"ECU",2016,56.2124081,"Ecuador",5917.637713,6228.9203524,54.45862768
"ECU",2017,39.7581781,"Ecuador",6233.322448,6228.9203524,54.45862768
"ECU",2018,48.0415386,"Ecuador",6303.918867,6228.9203524,54.45862768
"ECU",2019,49.852905,"Ecuador",6205.057652,6228.9203524,54.45862768
"ECU",2020,56.6951696,"Ecuador",5463.645153,6228.9203524,54.45862768
"ECU",2021,74.4244838,"Ecuador",6061.323502,6228.9203524,54.45862768
"ECU",2022,65.1536186,"Ecuador",6515.585284,6228.9203524,54.45862768
"ECU",2023,60.5483548,"Ecuador",6737.847484,6228.9203524,54.45862768
"ECU",2024,46.8543096,"Ecuador",6874.70574,6228.9203524,54.45862768
"EGY",2015,47.3737954,"Egypt, Arab Rep.",3306.981594,3278.744498,59.4272242
"EGY",2016,54.2904921,"Egypt, Arab Rep.",3270.628777,3278.744498,59.4272242
"EGY",2017,57.3569013,"Egypt, Arab Rep.",2395.103333,3278.744498,59.4272242
"EGY",2018,49.359605,"Egypt, Arab Rep.",2484.703156,3278.744498,59.4272242
"EGY",2019,54.5739165,"Egypt, Arab Rep.",2962.98892,3278.744498,59.4272242
"EGY",2020,71.0344165,"Egypt, Arab Rep.",3511.11381,3278.744498,59.4272242
"EGY",2021,56.9392653,"Egypt, Arab Rep.",3827.354154,3278.744498,59.4272242
"EGY",2022,63.1688023,"Egypt, Arab Rep.",4233.307837,3278.744498,59.4272242
"EGY",2023,72.1418355,"Egypt, Arab Rep.",3456.789685,3278.744498,59.4272242
"EGY",2024,68.0332121,"Egypt, Arab Rep.",3338.473714,3278.744498,59.4272242
"ESP",2015,47.7872578,"Spain",25982.44162,29861.804739,53.09619851
"ESP",2016,50.8180572,"Spain",26755.60611,29861.804739,53.09619851
"ESP",2017,56.4381285,"Spain",28381.34256,29861.804739,53.09619851
"ESP",2018,54.1735631,"Spain",30602.42129,29861.804739,53.09619851
"ESP",2019,51.5491502,"Spain",29786.52457,29861.804739,53.09619851
"ESP",2020,41.419697,"Spain",27233.94265,29861.804739,53.09619851
"ESP",2021,50.0448286,"Spain",30799.47759,29861.804739,53.09619851
"ESP",2022,54.600577,"Spain",30270.2687,29861.804739,53.09619851
"ESP",2023,60.2491161,"Spain",33509.0128,29861.804739,53.09619851
"ESP",2024,63.8816096,"Spain",35297.0095,29861.804739,53.09619851
"EST",2015,35.1120574,"Estonia",17722.15577,24652.174274,44.82559323
"EST",2016,36.0581067,"Estonia",18666.37365,24652.174274,44.82559323
"EST",2017,33.7733563,"Estonia",20851.52235,24652.174274,44.82559323
"EST",2018,36.5645336,"Estonia",23618.13613,24652.174274,44.82559323
"EST",2019,41.799198,"Estonia",24021.25014,24652.174274,44.82559323
"EST",2020,42.7242635,"Estonia",23933.99394,24652.174274,44.82559323
"EST",2021,55.3212672,"Estonia",27953.76702,24652.174274,44.82559323
"EST",2022,57.6508822,"Estonia",28451.14778,24652.174274,44.82559323
"EST",2023,54.5207309,"Estonia",30133.30445,24652.174274,44.82559323
"EST",2024,54.7315365,"Estonia",31170.09151,24652.174274,44.82559323
"ETH",2015,44.6896333,"Ethiopia",621.8456738,808.4607058875,50.7257091111111
"ETH",2016,39.7649826,"Ethiopia",696.1960848,808.4607058875,50.7257091111111
"ETH",2017,42.4983297,"Ethiopia",745.6324339,808.4607058875,50.7257091111111
"ETH",2018,47.9263989,"Ethiopia",747.9680037,808.4607058875,50.7257091111111
"ETH",2019,44.1613959,"Ethiopia",828.7090805,808.4607058875,50.7257091111111
"ETH",2020,65.5859248,"Ethiopia",905.3131593,808.4607058875,50.7257091111111
"ETH",2022,62.006803,"Ethiopia",1011.073324,808.4607058875,50.7257091111111
"ETH",2023,65.5276216,"Ethiopia",NA,808.4607058875,50.7257091111111
"ETH",2024,44.3702922,"Ethiopia",NA,808.4607058875,50.7257091111111
"FIN",2015,55.4450101,"Finland",42560.34568,48848.755997,51.21506928
"FIN",2016,54.5761718,"Finland",43451.25624,48848.755997,51.21506928
"FIN",2017,53.3692316,"Finland",46085.01747,48848.755997,51.21506928
"FIN",2018,38.075648,"Finland",49654.2497,48848.755997,51.21506928
"FIN",2019,45.1147114,"Finland",48358.18078,48848.755997,51.21506928
"FIN",2020,41.835968,"Finland",48828.68469,48848.755997,51.21506928
"FIN",2021,53.1154315,"Finland",53099.13514,48848.755997,51.21506928
"FIN",2022,56.7867687,"Finland",50440.56022,48848.755997,51.21506928
"FIN",2023,55.285636,"Finland",52821.51143,48848.755997,51.21506928
"FIN",2024,58.5461157,"Finland",53188.61862,48848.755997,51.21506928
"FRA",2015,37.3020441,"France",36702.43237,40905.946694,36.99357644
"FRA",2016,38.7193141,"France",37024.21571,40905.946694,36.99357644
"FRA",2017,36.9540214,"France",38687.16264,40905.946694,36.99357644
"FRA",2018,32.1778382,"France",41418.17665,40905.946694,36.99357644
"FRA",2019,34.2505974,"France",40408.28486,40905.946694,36.99357644
"FRA",2020,30.8717742,"France",39169.8606,40905.946694,36.99357644
"FRA",2021,37.8039476,"France",43725.09995,40905.946694,36.99357644
"FRA",2022,40.2811324,"France",41082.81193,40905.946694,36.99357644
"FRA",2023,37.7058804,"France",44690.93454,40905.946694,36.99357644
"FRA",2024,43.8692146,"France",46150.48769,40905.946694,36.99357644
"GAB",2015,63.7249348,"Gabon",7047.126546,7519.7967348,63.45976007
"GAB",2016,58.589262,"Gabon",6677.070039,7519.7967348,63.45976007
"GAB",2017,54.0641486,"Gabon",6921.733731,7519.7967348,63.45976007
"GAB",2018,54.5369048,"Gabon",7624.277523,7519.7967348,63.45976007
"GAB",2019,58.5195744,"Gabon",7441.178647,7519.7967348,63.45976007
"GAB",2020,56.2338976,"Gabon",6605.803461,7519.7967348,63.45976007
"GAB",2021,73.1297841,"Gabon",8181.409141,7519.7967348,63.45976007
"GAB",2022,69.1968729,"Gabon",8409.207415,7519.7967348,63.45976007
"GAB",2023,70.174344,"Gabon",8071.397774,7519.7967348,63.45976007
"GAB",2024,76.4278775,"Gabon",8218.763071,7519.7967348,63.45976007
"GBR",2015,60.9912767,"United Kingdom",44983.88552,44794.258379,55.42813668
"GBR",2016,57.6592117,"United Kingdom",40988.10442,44794.258379,55.42813668
"GBR",2017,62.9186168,"United Kingdom",40629.23403,44794.258379,55.42813668
"GBR",2018,56.3588759,"United Kingdom",43315.48745,44794.258379,55.42813668
"GBR",2019,59.6409039,"United Kingdom",42794.00226,44794.258379,55.42813668
"GBR",2020,43.1200185,"United Kingdom",40404.80622,44794.258379,55.42813668
"GBR",2021,52.3780823,"United Kingdom",46926.47574,44794.258379,55.42813668
"GBR",2022,51.1418926,"United Kingdom",46062.99141,44794.258379,55.42813668
"GBR",2023,54.6228527,"United Kingdom",49200.81015,44794.258379,55.42813668
"GBR",2024,55.4496357,"United Kingdom",52636.78659,44794.258379,55.42813668
"GEO",2015,40.3984391,"Georgia",4086.622347,5578.5757383,58.83676038
"GEO",2016,37.8024472,"Georgia",4143.401257,5578.5757383,58.83676038
"GEO",2017,47.4595867,"Georgia",4418.752065,5578.5757383,58.83676038
"GEO",2018,59.476394,"Georgia",4804.054604,5578.5757383,58.83676038
"GEO",2019,56.2957977,"Georgia",4741.283272,5578.5757383,58.83676038
"GEO",2020,76.1825117,"Georgia",4300.857013,5578.5757383,58.83676038
"GEO",2021,67.697631,"Georgia",5083.606955,5578.5757383,58.83676038
"GEO",2022,72.2295278,"Georgia",6729.846599,5578.5757383,58.83676038
"GEO",2023,70.5725234,"Georgia",8283.669607,5578.5757383,58.83676038
"GEO",2024,60.2527452,"Georgia",9193.663664,5578.5757383,58.83676038
"GHA",2015,52.3568178,"Ghana",1722.772828,2168.9750691,62.47364703
"GHA",2016,59.839671,"Ghana",1912.479913,2168.9750691,62.47364703
"GHA",2017,61.7602137,"Ghana",2012.286626,2168.9750691,62.47364703
"GHA",2018,60.5350257,"Ghana",2195.32166,2168.9750691,62.47364703
"GHA",2019,62.9267578,"Ghana",2186.658227,2168.9750691,62.47364703
"GHA",2020,65.3693795,"Ghana",2195.454817,2168.9750691,62.47364703
"GHA",2021,61.1241889,"Ghana",2445.186625,2168.9750691,62.47364703
"GHA",2022,67.2307784,"Ghana",2229.891226,2168.9750691,62.47364703
"GHA",2023,65.1797239,"Ghana",2383.904105,2168.9750691,62.47364703
"GHA",2024,68.4139136,"Ghana",2405.794664,2168.9750691,62.47364703
"GIN",2015,63.5400184,"Guinea",747.3569668,1124.53067199,65.11488348
"GIN",2016,52.9620114,"Guinea",711.9965098,1124.53067199,65.11488348
"GIN",2017,51.6406989,"Guinea",833.5986217,1124.53067199,65.11488348
"GIN",2018,62.0458373,"Guinea",933.2736156,1124.53067199,65.11488348
"GIN",2019,60.0004755,"Guinea",1031.341465,1124.53067199,65.11488348
"GIN",2020,71.2860396,"Guinea",1053.660977,1124.53067199,65.11488348
"GIN",2021,72.0964857,"Guinea",1244.965505,1124.53067199,65.11488348
"GIN",2022,68.1144643,"Guinea",1416.59612,1124.53067199,65.11488348
"GIN",2023,74.1705499,"Guinea",1555.493758,1124.53067199,65.11488348
"GIN",2024,75.2922538,"Guinea",1717.023181,1124.53067199,65.11488348
"GMB",2017,73.7862984,"Gambia, The",642.5226413,748.16760917,72.0050329833333
"GMB",2018,67.9605396,"Gambia, The",696.219807,748.16760917,72.0050329833333
"GMB",2019,70.1376316,"Gambia, The",738.186752,748.16760917,72.0050329833333
"GMB",2022,68.4969007,"Gambia, The",836.2448756,748.16760917,72.0050329833333
"GMB",2023,77.8582159,"Gambia, The",888.1574074,748.16760917,72.0050329833333
"GMB",2024,73.7906117,"Gambia, The",908.5256742,748.16760917,72.0050329833333
"GRC",2015,40.1634874,"Greece",17980.72982,20140.683021,47.77771481
"GRC",2016,49.7810005,"Greece",17919.24264,20140.683021,47.77771481
"GRC",2017,35.5544186,"Greece",18631.99301,20140.683021,47.77771481
"GRC",2018,36.575678,"Greece",19873.40152,20140.683021,47.77771481
"GRC",2019,41.7178786,"Greece",19335.3602,20140.683021,47.77771481
"GRC",2020,53.0197752,"Greece",17886.73317,20140.683021,47.77771481
"GRC",2021,57.0934766,"Greece",20654.7002,20140.683021,47.77771481
"GRC",2022,42.8539214,"Greece",20971.83493,20140.683021,47.77771481
"GRC",2023,63.0089282,"Greece",23400.72788,20140.683021,47.77771481
"GRC",2024,58.0085836,"Greece",24752.10684,20140.683021,47.77771481
"GTM",2015,61.681963,"Guatemala",3893.505221,4780.0858814,56.7138042
"GTM",2016,58.1457666,"Guatemala",4060.13755,4780.0858814,56.7138042
"GTM",2017,51.4719493,"Guatemala",4324.996082,4780.0858814,56.7138042
"GTM",2018,49.699476,"Guatemala",4352.946518,4780.0858814,56.7138042
"GTM",2019,48.2435488,"Guatemala",4511.997552,4780.0858814,56.7138042
"GTM",2022,61.8739844,"Guatemala",5358.701275,4780.0858814,56.7138042
"GTM",2023,68.959004,"Guatemala",5758.308763,4780.0858814,56.7138042
"GTM",2024,53.6347415,"Guatemala",6150.025978,4780.0858814,56.7138042
"HKG",2016,59.2181367,"Hong Kong SAR, China",43734.19807,47860.149563,52.1218323
"HKG",2017,59.520682,"Hong Kong SAR, China",46160.42979,47860.149563,52.1218323
"HKG",2019,48.3501219,"Hong Kong SAR, China",48359.0012,47860.149563,52.1218323
"HKG",2020,36.7643603,"Hong Kong SAR, China",46109.22999,47860.149563,52.1218323
"HKG",2021,54.8135446,"Hong Kong SAR, China",49770.56424,47860.149563,52.1218323
"HKG",2022,54.1771568,"Hong Kong SAR, China",48825.84419,47860.149563,52.1218323
"HKG",2023,56.144661,"Hong Kong SAR, China",50565.46477,47860.149563,52.1218323
"HKG",2024,47.9859951,"Hong Kong SAR, China",54107.03452,47860.149563,52.1218323
"HND",2015,43.3895005,"Honduras",2271.20266,2665.8469742,59.1983261
"HND",2016,53.7215846,"Honduras",2307.344684,2665.8469742,59.1983261
"HND",2017,54.0406323,"Honduras",2413.007656,2665.8469742,59.1983261
"HND",2018,55.4444993,"Honduras",2464.642415,2665.8469742,59.1983261
"HND",2019,57.3386952,"Honduras",2502.327443,2665.8469742,59.1983261
"HND",2021,68.2506115,"Honduras",2735.147515,2665.8469742,59.1983261
"HND",2022,67.2519241,"Honduras",3003.289968,2665.8469742,59.1983261
"HND",2023,68.6748032,"Honduras",3227.457625,2665.8469742,59.1983261
"HND",2024,64.6726842,"Honduras",3426.434833,2665.8469742,59.1983261
"HRV",2015,29.7447213,"Croatia",12285.30326,16689.474035,36.55232593
"HRV",2016,20.6408667,"Croatia",12821.17381,16689.474035,36.55232593
"HRV",2017,24.5750932,"Croatia",13902.63105,16689.474035,36.55232593
"HRV",2018,32.3030653,"Croatia",15460.41833,16689.474035,36.55232593
"HRV",2019,37.5425415,"Croatia",15563.81674,16689.474035,36.55232593
"HRV",2020,52.658265,"Croatia",14808.46202,16689.474035,36.55232593
"HRV",2021,62.5756368,"Croatia",17789.93047,16689.474035,36.55232593
"HRV",2022,29.6204267,"Croatia",18466.09555,16689.474035,36.55232593
"HRV",2023,42.5990231,"Croatia",21865.45628,16689.474035,36.55232593
"HRV",2024,33.2636197,"Croatia",23931.45284,16689.474035,36.55232593
"HTI",2015,42.4849824,"Haiti",1411.126847,1570.8098588,52.2986466
"HTI",2016,35.352122,"Haiti",1318.402682,1570.8098588,52.2986466
"HTI",2017,61.7717726,"Haiti",1395.239452,1570.8098588,52.2986466
"HTI",2018,69.5857094,"Haiti",1496.38049,1570.8098588,52.2986466
"HUN",2015,34.1983761,"Hungary",12782.94126,17387.701152,52.14037809
"HUN",2016,36.3894431,"Hungary",13215.86053,17387.701152,52.14037809
"HUN",2017,36.2881435,"Hungary",14736.16682,17387.701152,52.14037809
"HUN",2018,29.5166026,"Hungary",16605.05705,17387.701152,52.14037809
"HUN",2019,36.9264935,"Hungary",17012.85986,17387.701152,52.14037809
"HUN",2020,58.3768788,"Hungary",16386.93088,17387.701152,52.14037809
"HUN",2021,73.3872574,"Hungary",19030.62813,17387.701152,52.14037809
"HUN",2022,73.931971,"Hungary",18483.63669,17387.701152,52.14037809
"HUN",2023,75.6668477,"Hungary",22312.17903,17387.701152,52.14037809
"HUN",2024,66.7217672,"Hungary",23310.75127,17387.701152,52.14037809
"IDN",2015,42.6536445,"Indonesia",3288.222697,4124.9926596,56.4487387
"IDN",2016,47.4488023,"Indonesia",3521.469435,4124.9926596,56.4487387
"IDN",2017,46.0810105,"Indonesia",3798.883262,4124.9926596,56.4487387
"IDN",2018,55.2193307,"Indonesia",3860.953531,4124.9926596,56.4487387
"IDN",2019,58.6003778,"Indonesia",4106.948562,4124.9926596,56.4487387
"IDN",2020,65.124183,"Indonesia",3853.702888,4124.9926596,56.4487387
"IDN",2021,57.6923017,"Indonesia",4287.17314,4124.9926596,56.4487387
"IDN",2022,60.9369266,"Indonesia",4730.834848,4124.9926596,56.4487387
"IDN",2023,66.3876617,"Indonesia",4876.307745,4124.9926596,56.4487387
"IDN",2024,64.3431482,"Indonesia",4925.430488,4124.9926596,56.4487387
"IND",2015,42.9098337,"India",1583.998159,2097.0183827,50.84761923
"IND",2016,36.4613681,"India",1707.508929,2097.0183827,50.84761923
"IND",2017,31.0160209,"India",1950.104683,2097.0183827,50.84761923
"IND",2018,38.6210775,"India",1966.254552,2097.0183827,50.84761923
"IND",2019,60.3296871,"India",2041.428637,2097.0183827,50.84761923
"IND",2020,59.2677072,"India",1907.042516,2097.0183827,50.84761923
"IND",2021,56.7637726,"India",2239.613844,2097.0183827,50.84761923
"IND",2022,60.0934772,"India",2347.448294,2097.0183827,50.84761923
"IND",2023,64.7240857,"India",2530.120313,2097.0183827,50.84761923
"IND",2024,58.2891623,"India",2696.6639,2097.0183827,50.84761923
"IRL",2015,56.1762785,"Ireland",64311.82347,87027.516094,56.7949143
"IRL",2016,60.6825117,"Ireland",64192.94181,87027.516094,56.7949143
"IRL",2017,64.4231227,"Ireland",72198.1077,87027.516094,56.7949143
"IRL",2018,55.4085642,"Ireland",80738.96288,87027.516094,56.7949143
"IRL",2019,53.9168149,"Ireland",81810.19265,87027.516094,56.7949143
"IRL",2020,48.8334635,"Ireland",86622.50673,87027.516094,56.7949143
"IRL",2021,54.5583635,"Ireland",103961.9764,87027.516094,56.7949143
"IRL",2022,56.2270036,"Ireland",105234.5116,87027.516094,56.7949143
"IRL",2023,59.1456928,"Ireland",103887.8004,87027.516094,56.7949143
"IRL",2024,58.5773276,"Ireland",107316.3373,87027.516094,56.7949143
"IRN",2015,52.9282585,"Iran, Islamic Rep.",4952.733555,4561.1656948,62.25441103
"IRN",2016,60.5051278,"Iran, Islamic Rep.",5477.037124,4561.1656948,62.25441103
"IRN",2017,61.3294279,"Iran, Islamic Rep.",5753.115447,4561.1656948,62.25441103
"IRN",2018,55.7035137,"Iran, Islamic Rep.",4631.78709,4561.1656948,62.25441103
"IRN",2019,58.0833273,"Iran, Islamic Rep.",3831.278948,4561.1656948,62.25441103
"IRN",2020,62.1300723,"Iran, Islamic Rep.",2988.781224,4561.1656948,62.25441103
"IRN",2021,63.9285913,"Iran, Islamic Rep.",4334.792686,4561.1656948,62.25441103
"IRN",2022,67.1896537,"Iran, Islamic Rep.",4405.092915,4561.1656948,62.25441103
"IRN",2023,69.1246581,"Iran, Islamic Rep.",4465.637669,4561.1656948,62.25441103
"IRN",2024,71.6214797,"Iran, Islamic Rep.",4771.40029,4561.1656948,62.25441103
"IRQ",2015,81.4449286,"Iraq",4440.141893,5257.5737667,74.06849515
"IRQ",2016,77.8803039,"Iraq",4334.420964,5257.5737667,74.06849515
"IRQ",2017,80.5960895,"Iraq",4759.284644,5257.5737667,74.06849515
"IRQ",2018,64.3417385,"Iraq",5646.689321,5257.5737667,74.06849515
"IRQ",2019,67.5725463,"Iraq",5671.856863,5257.5737667,74.06849515
"IRQ",2020,77.5810833,"Iraq",4295.189451,5257.5737667,74.06849515
"IRQ",2021,73.1661117,"Iraq",4868.494311,5257.5737667,74.06849515
"IRQ",2022,74.7490544,"Iraq",6520.731546,5257.5737667,74.06849515
"IRQ",2023,75.5170288,"Iraq",5965.318351,5257.5737667,74.06849515
"IRQ",2024,67.8360665,"Iraq",6073.610323,5257.5737667,74.06849515
"ISL",2015,51.5978153,"Iceland",52951.68151,69584.112261,47.35464365
"ISL",2016,43.8427318,"Iceland",61987.92636,69584.112261,47.35464365
"ISL",2017,49.9181898,"Iceland",72010.14903,69584.112261,47.35464365
"ISL",2020,35.1974234,"Iceland",59023.56635,69584.112261,47.35464365
"ISL",2021,49.6552493,"Iceland",69178.4047,69584.112261,47.35464365
"ISL",2022,48.6007682,"Iceland",75121.01523,69584.112261,47.35464365
"ISL",2023,48.3669465,"Iceland",79960.09615,69584.112261,47.35464365
"ISL",2024,51.6580249,"Iceland",82703.85799,69584.112261,47.35464365
"ISR",2015,49.4840573,"Israel",36213.10415,45961.291265,50.85673057
"ISR",2016,43.7997571,"Israel",37671.53891,45961.291265,50.85673057
"ISR",2017,49.9581591,"Israel",41138.47096,45961.291265,50.85673057
"ISR",2018,44.8187447,"Israel",42362.66528,45961.291265,50.85673057
"ISR",2019,52.2843048,"Israel",44250.63136,45961.291265,50.85673057
"ISR",2020,39.7306423,"Israel",44575.5719,45961.291265,50.85673057
"ISR",2021,51.3709591,"Israel",52270.90402,45961.291265,50.85673057
"ISR",2022,53.1681048,"Israel",54949.62156,45961.291265,50.85673057
"ISR",2023,63.1661172,"Israel",52003.72007,45961.291265,50.85673057
"ISR",2024,60.7864593,"Israel",54176.68444,45961.291265,50.85673057
"ITA",2015,43.4887044,"Italy",30639.88298,34748.186993,44.3551144
"ITA",2016,44.4276218,"Italy",31391.56929,34748.186993,44.3551144
"ITA",2017,46.3673226,"Italy",32844.11566,34748.186993,44.3551144
"ITA",2018,40.1615756,"Italy",34904.10819,34748.186993,44.3551144
"ITA",2019,38.1097878,"Italy",33812.78872,34748.186993,44.3551144
"ITA",2020,33.4197699,"Italy",32091.48666,34748.186993,44.3551144
"ITA",2021,43.5182972,"Italy",36852.54254,34748.186993,44.3551144
"ITA",2022,53.1530344,"Italy",35653.90421,34748.186993,44.3551144
"ITA",2023,53.9334041,"Italy",39065.42444,34748.186993,44.3551144
"ITA",2024,46.9716262,"Italy",40226.04724,34748.186993,44.3551144
"JAM",2017,63.2461017,"Jamaica",5259.313328,5644.3752682,71.1995196
"JAM",2019,63.2555845,"Jamaica",5607.242993,5644.3752682,71.1995196
"JAM",2020,66.5043553,"Jamaica",4879.440258,5644.3752682,71.1995196
"JAM",2021,80.336031,"Jamaica",5165.337821,5644.3752682,71.1995196
"JAM",2022,82.6555255,"Jamaica",6022.153398,5644.3752682,71.1995196
"JOR",2015,64.8072572,"Jordan",4042.756781,4203.261492,62.77867481
"JOR",2016,55.7919375,"Jordan",3986.71677,4203.261492,62.77867481
"JOR",2017,68.4526854,"Jordan",4065.616287,4203.261492,62.77867481
"JOR",2018,54.9316262,"Jordan",4145.439897,4203.261492,62.77867481
"JOR",2019,57.0169694,"Jordan",4170.1144,4203.261492,62.77867481
"JOR",2020,60.5493431,"Jordan",4022.040136,4203.261492,62.77867481
"JOR",2021,73.2691357,"Jordan",4183.499983,4203.261492,62.77867481
"JOR",2022,64.1940128,"Jordan",4332.251599,4203.261492,62.77867481
"JOR",2023,67.4727495,"Jordan",4466.083142,4203.261492,62.77867481
"JOR",2024,61.3010313,"Jordan",4618.095925,4203.261492,62.77867481
"JPN",2015,25.3452967,"Japan",34960.63938,37383.826151,19.98453995
"JPN",2016,23.1938721,"Japan",39375.47316,37383.826151,19.98453995
"JPN",2017,23.4785235,"Japan",38834.05293,37383.826151,19.98453995
"JPN",2018,11.5737441,"Japan",39751.1331,37383.826151,19.98453995
"JPN",2019,13.8524147,"Japan",40415.95676,37383.826151,19.98453995
"JPN",2020,11.9115026,"Japan",40028.73417,37383.826151,19.98453995
"JPN",2021,24.4583403,"Japan",40094.55998,37383.826151,19.98453995
"JPN",2022,21.2372371,"Japan",34065.6439,37383.826151,19.98453995
"JPN",2023,23.630229,"Japan",33836.17563,37383.826151,19.98453995
"JPN",2024,21.1642394,"Japan",32475.8925,37383.826151,19.98453995
"KAZ",2015,37.5163688,"Kazakhstan",10196.12263,10244.9610029,40.70409683
"KAZ",2016,40.0542364,"Kazakhstan",7475.566887,10244.9610029,40.70409683
"KAZ",2017,34.6626406,"Kazakhstan",8943.084168,10244.9610029,40.70409683
"KAZ",2018,32.341391,"Kazakhstan",9472.485273,10244.9610029,40.70409683
"KAZ",2019,41.1523868,"Kazakhstan",9457.126147,10244.9610029,40.70409683
"KAZ",2020,42.8130817,"Kazakhstan",8781.507978,10244.9610029,40.70409683
"KAZ",2021,46.8888175,"Kazakhstan",9983.601036,10244.9610029,40.70409683
"KAZ",2022,48.5547148,"Kazakhstan",11255.33964,10244.9610029,40.70409683
"KAZ",2023,44.5634001,"Kazakhstan",12879.42753,10244.9610029,40.70409683
"KAZ",2024,38.4939306,"Kazakhstan",14005.34874,10244.9610029,40.70409683
"KEN",2015,70.133657,"Kenya",1489.119598,1876.4614271,75.23992806
"KEN",2016,76.2643732,"Kenya",1554.126103,1876.4614271,75.23992806
"KEN",2017,72.2941784,"Kenya",1667.484472,1876.4614271,75.23992806
"KEN",2018,67.4980186,"Kenya",1836.452755,1876.4614271,75.23992806
"KEN",2019,74.9514732,"Kenya",1960.408089,1876.4614271,75.23992806
"KEN",2020,75.6250195,"Kenya",1927.66459,1876.4614271,75.23992806
"KEN",2021,76.7846926,"Kenya",2061.356221,1876.4614271,75.23992806
"KEN",2022,76.4067518,"Kenya",2109.562885,1876.4614271,75.23992806
"KEN",2023,81.507505,"Kenya",1952.304579,1876.4614271,75.23992806
"KEN",2024,80.9336113,"Kenya",2206.134979,1876.4614271,75.23992806
"KGZ",2015,54.9423252,"Kyrgyz Republic",1105.651938,1501.2559673,56.33456059
"KGZ",2016,46.2000152,"Kyrgyz Republic",1103.274894,1501.2559673,56.33456059
"KGZ",2017,51.5778766,"Kyrgyz Republic",1221.390468,1501.2559673,56.33456059
"KGZ",2018,52.4418543,"Kyrgyz Republic",1283.520304,1501.2559673,56.33456059
"KGZ",2019,40.3712739,"Kyrgyz Republic",1421.999275,1501.2559673,56.33456059
"KGZ",2020,58.6008616,"Kyrgyz Republic",1229.517666,1501.2559673,56.33456059
"KGZ",2021,65.2463761,"Kyrgyz Republic",1349.997307,1501.2559673,56.33456059
"KGZ",2022,67.0112823,"Kyrgyz Republic",1739.720183,1501.2559673,56.33456059
"KGZ",2023,65.1084232,"Kyrgyz Republic",2138.222102,1501.2559673,56.33456059
"KGZ",2024,61.8453175,"Kyrgyz Republic",2419.265536,1501.2559673,56.33456059
"KHM",2015,24.6659533,"Cambodia",1547.320104,2094.3221525,23.54469201
"KHM",2016,17.7532323,"Cambodia",1675.195557,2094.3221525,23.54469201
"KHM",2017,17.8854928,"Cambodia",1826.353917,2094.3221525,23.54469201
"KHM",2018,17.8689923,"Cambodia",2036.673776,2094.3221525,23.54469201
"KHM",2019,11.4174991,"Cambodia",2225.877055,2094.3221525,23.54469201
"KHM",2020,43.9519333,"Cambodia",2081.739142,2094.3221525,23.54469201
"KHM",2021,23.1952112,"Cambodia",2167.403242,2094.3221525,23.54469201
"KHM",2022,22.4491431,"Cambodia",2325.0305,2094.3221525,23.54469201
"KHM",2023,28.0131385,"Cambodia",2429.748535,2094.3221525,23.54469201
"KHM",2024,28.2463242,"Cambodia",2627.879697,2094.3221525,23.54469201
"KOR",2015,46.0009907,"Korea, Rep.",28737.43917,31925.6738455556,44.56581583
"KOR",2016,43.7128303,"Korea, Rep.",29280.44032,31925.6738455556,44.56581583
"KOR",2017,46.7536081,"Korea, Rep.",31600.73587,31925.6738455556,44.56581583
"KOR",2018,30.2157122,"Korea, Rep.",33447.15628,31925.6738455556,44.56581583
"KOR",2019,38.0484413,"Korea, Rep.",31902.4169,31925.6738455556,44.56581583
"KOR",2020,29.1361962,"Korea, Rep.",31721.29891,31925.6738455556,44.56581583
"KOR",2021,52.683105,"Korea, Rep.",35125.5225,31925.6738455556,44.56581583
"KOR",2022,56.6661935,"Korea, Rep.",32394.68337,31925.6738455556,44.56581583
"KOR",2023,53.0548172,"Korea, Rep.",33121.37129,31925.6738455556,44.56581583
"KOR",2024,49.3862638,"Korea, Rep.",NA,31925.6738455556,44.56581583
"KWT",2015,77.6953998,"Kuwait",29882.21269,31555.558166,71.8463953
"KWT",2016,74.1379492,"Kuwait",27323.68906,31555.558166,71.8463953
"KWT",2017,80.1730283,"Kuwait",29047.65358,31555.558166,71.8463953
"KWT",2018,64.2248891,"Kuwait",32067.96237,31555.558166,71.8463953
"KWT",2019,66.2435414,"Kuwait",31707.87375,31555.558166,71.8463953
"KWT",2022,78.730657,"Kuwait",39981.7691,31555.558166,71.8463953
"KWT",2023,63.6317789,"Kuwait",34075.84904,31555.558166,71.8463953
"KWT",2024,69.9339187,"Kuwait",32213.86223,31555.558166,71.8463953
"LAO",2017,21.7755041,"Lao PDR",2432.430595,2333.825555,34.603445275
"LAO",2018,28.689327,"Lao PDR",2545.107542,2333.825555,34.603445275
"LAO",2019,26.7300877,"Lao PDR",2589.32081,2333.825555,34.603445275
"LAO",2020,41.5563103,"Lao PDR",2583.777307,2333.825555,34.603445275
"LAO",2021,36.0031778,"Lao PDR",2526.05105,2333.825555,34.603445275
"LAO",2022,40.7215716,"Lao PDR",2046.404403,2333.825555,34.603445275
"LAO",2023,46.1151617,"Lao PDR",2066.949798,2333.825555,34.603445275
"LAO",2024,35.236422,"Lao PDR",2123.979094,2333.825555,34.603445275
"LBN",2015,42.2531026,"Lebanon",7714.11,6581.15539877778,43.30063493
"LBN",2016,46.0673697,"Lebanon",8089.012088,6581.15539877778,43.30063493
"LBN",2017,48.9839826,"Lebanon",8608.21085,6581.15539877778,43.30063493
"LBN",2018,33.6883782,"Lebanon",9174.536662,6581.15539877778,43.30063493
"LBN",2019,35.6587902,"Lebanon",8905.880055,6581.15539877778,43.30063493
"LBN",2020,45.5020049,"Lebanon",5561.19167,6581.15539877778,43.30063493
"LBN",2021,49.9284998,"Lebanon",4045.373911,6581.15539877778,43.30063493
"LBN",2022,41.5580374,"Lebanon",3654.358455,6581.15539877778,43.30063493
"LBN",2023,48.9459861,"Lebanon",3477.724898,6581.15539877778,43.30063493
"LBN",2024,40.4201978,"Lebanon",NA,6581.15539877778,43.30063493
"LBR",2015,71.7759897,"Liberia",692.5900824,713.1682535,78.572404025
"LBR",2016,74.9029157,"Liberia",714.6130631,713.1682535,78.572404025
"LBR",2017,79.928476,"Liberia",699.2690957,713.1682535,78.572404025
"LBR",2018,77.2074165,"Liberia",692.2031271,713.1682535,78.572404025
"LBR",2019,77.0815485,"Liberia",658.1641808,713.1682535,78.572404025
"LBR",2022,80.2030451,"Liberia",744.6171752,713.1682535,78.572404025
"LBR",2023,80.0692221,"Liberia",799.1944702,713.1682535,78.572404025
"LBR",2024,87.4106186,"Liberia",846.2773684,713.1682535,78.572404025
"LBY",2015,78.814555,"Libya",7458.489178,7617.3923446,74.0348306625
"LBY",2016,76.6014854,"Libya",7525.802993,7617.3923446,74.0348306625
"LBY",2017,82.7899523,"Libya",9965.832367,7617.3923446,74.0348306625
"LBY",2018,70.3399177,"Libya",11196.58548,7617.3923446,74.0348306625
"LBY",2019,75.4993054,"Libya",9963.194891,7617.3923446,74.0348306625
"LBY",2022,80.0822307,"Libya",5986.636949,7617.3923446,74.0348306625
"LBY",2023,72.4604713,"Libya",6172.812469,7617.3923446,74.0348306625
"LBY",2024,55.6907275,"Libya",6318.40314,7617.3923446,74.0348306625
"LKA",2015,60.7473864,"Sri Lanka",4057.715835,4054.7963029,59.0953364
"LKA",2017,51.7463573,"Sri Lanka",4398.888281,4054.7963029,59.0953364
"LKA",2018,52.6467241,"Sri Lanka",4358.560959,4054.7963029,59.0953364
"LKA",2019,52.9417119,"Sri Lanka",4081.947727,4054.7963029,59.0953364
"LKA",2020,48.6752377,"Sri Lanka",3847.601377,4054.7963029,59.0953364
"LKA",2021,66.2815233,"Sri Lanka",3996.9624,4054.7963029,59.0953364
"LKA",2022,68.6060986,"Sri Lanka",3342.636503,4054.7963029,59.0953364
"LKA",2023,64.8577679,"Sri Lanka",3798.890166,4054.7963029,59.0953364
"LKA",2024,65.3552204,"Sri Lanka",4515.567873,4054.7963029,59.0953364
"LSO",2016,66.8154427,"Lesotho",992.4918407,1033.91622511,63.42531084
"LSO",2017,58.0479975,"Lesotho",1069.366732,1033.91622511,63.42531084
"LSO",2019,66.788182,"Lesotho",1082.057068,1033.91622511,63.42531084
"LSO",2022,63.4040599,"Lesotho",1030.125796,1033.91622511,63.42531084
"LSO",2024,62.0708721,"Lesotho",971.8146205,1033.91622511,63.42531084
"LTU",2015,43.6265332,"Lithuania",14269.80399,21141.743621,43.10840809
"LTU",2016,27.7046112,"Lithuania",14934.27028,21141.743621,43.10840809
"LTU",2017,47.6707237,"Lithuania",16800.15102,21141.743621,43.10840809
"LTU",2018,37.5275241,"Lithuania",19247.23154,21141.743621,43.10840809
"LTU",2019,27.1167257,"Lithuania",19608.79439,21141.743621,43.10840809
"LTU",2020,43.3762064,"Lithuania",20428.64782,21141.743621,43.10840809
"LTU",2021,64.3255727,"Lithuania",23870.45949,21141.743621,43.10840809
"LTU",2022,40.9325384,"Lithuania",25085.78406,21141.743621,43.10840809
"LTU",2023,40.9457391,"Lithuania",27786.00578,21141.743621,43.10840809
"LTU",2024,57.8579064,"Lithuania",29386.28784,21141.743621,43.10840809
"LUX",2015,34.7745228,"Luxembourg",105462.0126,119664.76998,38.5657948285714
"LUX",2016,37.3488602,"Luxembourg",106899.2935,119664.76998,38.5657948285714
"LUX",2017,39.8334381,"Luxembourg",110193.2138,119664.76998,38.5657948285714
"LUX",2018,33.1850788,"Luxembourg",116926.7596,119664.76998,38.5657948285714
"LUX",2019,33.5207735,"Luxembourg",112696.6491,119664.76998,38.5657948285714
"LUX",2022,42.6475032,"Luxembourg",123719.6589,119664.76998,38.5657948285714
"LUX",2023,48.6503872,"Luxembourg",131407.6814,119664.76998,38.5657948285714
"LVA",2015,32.8597323,"Latvia",13321.97531,18093.6673,38.529044
"LVA",2016,28.4604932,"Latvia",13838.52668,18093.6673,38.529044
"LVA",2017,28.3872765,"Latvia",15132.49583,18093.6673,38.529044
"LVA",2018,22.9536607,"Latvia",17252.17104,18093.6673,38.529044
"LVA",2019,24.9154052,"Latvia",17294.97516,18093.6673,38.529044
"LVA",2020,40.9132183,"Latvia",17564.23215,18093.6673,38.529044
"LVA",2021,50.3243877,"Latvia",20261.88878,18093.6673,38.529044
"LVA",2022,57.2175105,"Latvia",20227.23074,18093.6673,38.529044
"LVA",2023,53.3771541,"Latvia",22675.57863,18093.6673,38.529044
"LVA",2024,45.8816015,"Latvia",23367.59868,18093.6673,38.529044
"MAR",2015,53.5332475,"Morocco",3146.247803,3486.7622069,62.17381231
"MAR",2016,43.1276854,"Morocco",3140.855469,3486.7622069,62.17381231
"MAR",2017,65.2044029,"Morocco",3296.526611,3486.7622069,62.17381231
"MAR",2018,58.0367349,"Morocco",3501.697998,3486.7622069,62.17381231
"MAR",2019,63.6933893,"Morocco",3508.097656,3486.7622069,62.17381231
"MAR",2020,60.1880888,"Morocco",3268.030273,3486.7622069,62.17381231
"MAR",2021,72.9645692,"Morocco",3785.936279,3486.7622069,62.17381231
"MAR",2022,69.6912752,"Morocco",3455.39624,3486.7622069,62.17381231
"MAR",2023,72.9573439,"Morocco",3771.446289,3486.7622069,62.17381231
"MAR",2024,62.341386,"Morocco",3993.387451,3486.7622069,62.17381231
"MDA",2015,36.8150115,"Moldova",2749.551371,4742.3473574,54.30507996
"MDA",2016,39.7751007,"Moldova",2847.087948,4742.3473574,54.30507996
"MDA",2017,44.91167,"Moldova",3453.267277,4742.3473574,54.30507996
"MDA",2018,48.8797671,"Moldova",4156.44982,4742.3473574,54.30507996
"MDA",2019,50.8013174,"Moldova",4405.334182,4742.3473574,54.30507996
"MDA",2020,69.9877662,"Moldova",4375.778893,4742.3473574,54.30507996
"MDA",2021,68.0535159,"Moldova",5274.605822,4742.3473574,54.30507996
"MDA",2022,67.2391072,"Moldova",5744.296184,4742.3473574,54.30507996
"MDA",2023,58.1969798,"Moldova",6799.585946,4742.3473574,54.30507996
"MDA",2024,58.3905638,"Moldova",7617.516131,4742.3473574,54.30507996
"MDG",2015,27.777363,"Madagascar",445.3200695,488.29049983,43.4393033125
"MDG",2016,26.8836857,"Madagascar",453.9707145,488.29049983,43.4393033125
"MDG",2017,38.7724672,"Madagascar",491.8668487,488.29049983,43.4393033125
"MDG",2018,41.3015389,"Madagascar",500.4571855,488.29049983,43.4393033125
"MDG",2019,42.0917417,"Madagascar",499.8188376,488.29049983,43.4393033125
"MDG",2022,53.1691572,"Madagascar",503.5145335,488.29049983,43.4393033125
"MDG",2023,62.1913994,"Madagascar",508.7184277,488.29049983,43.4393033125
"MDG",2024,55.3270734,"Madagascar",544.9973027,488.29049983,43.4393033125
"MDV",2017,50.9051942,"Maldives",10509.62881,10836.7836331,50.9051942
"MEX",2015,46.6843528,"Mexico",10021.23861,10776.4327576,55.91132026
"MEX",2016,45.7765193,"Mexico",9097.923977,10776.4327576,55.91132026
"MEX",2017,45.1367132,"Mexico",9649.278168,10776.4327576,55.91132026
"MEX",2018,42.4076362,"Mexico",10084.79376,10776.4327576,55.91132026
"MEX",2019,53.1904479,"Mexico",10369.55536,10776.4327576,55.91132026
"MEX",2020,59.5304958,"Mexico",8841.270751,10776.4327576,55.91132026
"MEX",2021,76.0172175,"Mexico",10314.05067,10776.4327576,55.91132026
"MEX",2022,61.9476298,"Mexico",11402.14104,10776.4327576,55.91132026
"MEX",2023,63.964949,"Mexico",13826.13066,10776.4327576,55.91132026
"MEX",2024,64.4572411,"Mexico",14157.94458,10776.4327576,55.91132026
"MKD",2015,34.8292722,"North Macedonia",5262.686719,7007.0266759,45.58634845
"MKD",2016,49.2402404,"North Macedonia",5598.486226,7007.0266759,45.58634845
"MKD",2017,30.3087292,"North Macedonia",5955.297386,7007.0266759,45.58634845
"MKD",2018,32.4205956,"North Macedonia",6713.989254,7007.0266759,45.58634845
"MKD",2019,42.0739379,"North Macedonia",6718.858266,7007.0266759,45.58634845
"MKD",2020,56.6933355,"North Macedonia",6659.596511,7007.0266759,45.58634845
"MKD",2021,69.3113395,"North Macedonia",7620.80297,7007.0266759,45.58634845
"MKD",2022,49.2841132,"North Macedonia",7606.237525,7007.0266759,45.58634845
"MKD",2023,49.3412716,"North Macedonia",8624.284002,7007.0266759,45.58634845
"MKD",2024,42.3606494,"North Macedonia",9310.0279,7007.0266759,45.58634845
"MLI",2015,59.4089207,"Mali",838.1198694,967.52518459,55.3277654
"MLI",2016,50.0191393,"Mali",872.4685872,967.52518459,55.3277654
"MLI",2017,51.858507,"Mali",924.0575317,967.52518459,55.3277654
"MLI",2018,47.2788637,"Mali",996.3792921,967.52518459,55.3277654
"MLI",2019,53.4688552,"Mali",971.9493186,967.52518459,55.3277654
"MLI",2020,57.6104381,"Mali",953.2429433,967.52518459,55.3277654
"MLI",2021,63.4243557,"Mali",1027.273454,967.52518459,55.3277654
"MLI",2022,59.2201102,"Mali",969.7222056,967.52518459,55.3277654
"MLI",2023,50.5404215,"Mali",1035.862426,967.52518459,55.3277654
"MLI",2024,60.4480426,"Mali",1086.176218,967.52518459,55.3277654
"MLT",2015,47.3672716,"Malta",25529.68131,33676.31601,46.81954748
"MLT",2016,44.7301331,"Malta",26459.07721,33676.31601,46.81954748
"MLT",2017,53.4539538,"Malta",30317.24434,33676.31601,46.81954748
"MLT",2018,32.8896936,"Malta",33382.26775,33676.31601,46.81954748
"MLT",2019,41.3907336,"Malta",32421.91798,33676.31601,46.81954748
"MLT",2020,37.0272714,"Malta",31833.59638,33676.31601,46.81954748
"MLT",2021,47.5957365,"Malta",38065.35435,33676.31601,46.81954748
"MLT",2022,56.4765911,"Malta",36224.282,33676.31601,46.81954748
"MLT",2023,55.897405,"Malta",40182.43139,33676.31601,46.81954748
"MLT",2024,51.3666851,"Malta",42347.30739,33676.31601,46.81954748
"MMR",2015,62.9597219,"Myanmar",1166.733055,1287.6399758,49.8866139
"MMR",2016,53.2903012,"Myanmar",1229.197135,1287.6399758,49.8866139
"MMR",2017,40.1405131,"Myanmar",1272.822418,1287.6399758,49.8866139
"MMR",2018,35.2320098,"Myanmar",1298.213103,1287.6399758,49.8866139
"MMR",2019,39.3213956,"Myanmar",1425.989542,1287.6399758,49.8866139
"MMR",2020,50.5437014,"Myanmar",1490.216835,1287.6399758,49.8866139
"MMR",2021,55.3566637,"Myanmar",1242.721344,1287.6399758,49.8866139
"MMR",2022,53.6556409,"Myanmar",1158.05005,1287.6399758,49.8866139
"MMR",2023,52.671784,"Myanmar",1233.196662,1287.6399758,49.8866139
"MMR",2024,55.6944074,"Myanmar",1359.259614,1287.6399758,49.8866139
"MNE",2015,34.938321,"Montenegro",6491.192806,9087.5213329,41.2309543777778
"MNE",2016,39.5952935,"Montenegro",6999.135813,9087.5213329,41.2309543777778
"MNE",2017,38.3445074,"Montenegro",7758.36922,9087.5213329,41.2309543777778
"MNE",2018,42.2370066,"Montenegro",8790.881521,9087.5213329,41.2309543777778
"MNE",2019,39.2690467,"Montenegro",8842.485287,9087.5213329,41.2309543777778
"MNE",2020,52.5182282,"Montenegro",7612.628459,9087.5213329,41.2309543777778
"MNE",2022,38.4177264,"Montenegro",9990.204446,9087.5213329,41.2309543777778
"MNE",2023,49.4954432,"Montenegro",12077.37471,9087.5213329,41.2309543777778
"MNE",2024,36.2630164,"Montenegro",12935.45227,9087.5213329,41.2309543777778
"MNG",2015,46.2777601,"Mongolia",3838.92127,4560.2473374,44.97454405
"MNG",2016,49.445391,"Mongolia",3619.900264,4560.2473374,44.97454405
"MNG",2017,41.1846936,"Mongolia",3645.967087,4560.2473374,44.97454405
"MNG",2018,37.5399265,"Mongolia",4107.642885,4560.2473374,44.97454405
"MNG",2019,40.3647558,"Mongolia",4347.546103,4560.2473374,44.97454405
"MNG",2020,44.9369006,"Mongolia",4001.251931,4560.2473374,44.97454405
"MNG",2021,49.8012728,"Mongolia",4517.61578,4560.2473374,44.97454405
"MNG",2022,49.2670029,"Mongolia",4993.514875,4560.2473374,44.97454405
"MNG",2023,50.892533,"Mongolia",5838.631081,4560.2473374,44.97454405
"MNG",2024,40.0352042,"Mongolia",6691.482098,4560.2473374,44.97454405
"MOZ",2015,52.9379201,"Mozambique",610.5637747,538.04566724,53.9574425375
"MOZ",2017,50.1141653,"Mozambique",470.9385631,538.04566724,53.9574425375
"MOZ",2018,50.0948095,"Mozambique",517.5072603,538.04566724,53.9574425375
"MOZ",2019,56.3426365,"Mozambique",519.0925509,538.04566724,53.9574425375
"MOZ",2021,53.4226343,"Mozambique",509.9078295,538.04566724,53.9574425375
"MOZ",2022,52.7518687,"Mozambique",578.2516638,538.04566724,53.9574425375
"MOZ",2023,57.8401542,"Mozambique",622.9856193,538.04566724,53.9574425375
"MOZ",2024,58.1553517,"Mozambique",647.2857995,538.04566724,53.9574425375
"MRT",2015,36.6680551,"Mauritania",1554.948979,1813.3239858,51.4733294625
"MRT",2016,39.0379422,"Mauritania",1565.765757,1813.3239858,51.4733294625
"MRT",2017,37.0711706,"Mauritania",1615.004013,1813.3239858,51.4733294625
"MRT",2018,40.1765977,"Mauritania",1722.935289,1813.3239858,51.4733294625
"MRT",2019,57.6763116,"Mauritania",1767.072711,1813.3239858,51.4733294625
"MRT",2022,62.5796221,"Mauritania",1960.352401,1813.3239858,51.4733294625
"MRT",2023,66.94815,"Mauritania",2120.823184,1813.3239858,51.4733294625
"MRT",2024,71.6287864,"Mauritania",2082.783744,1813.3239858,51.4733294625
"MUS",2016,38.7430661,"Mauritius",9965.725311,10471.9719184,48.3870042111111
"MUS",2017,56.7002585,"Mauritius",10841.68478,10471.9719184,48.3870042111111
"MUS",2018,37.334512,"Mauritius",11643.4606,10471.9719184,48.3870042111111
"MUS",2019,48.0838989,"Mauritius",11403.25279,10471.9719184,48.3870042111111
"MUS",2020,46.3740343,"Mauritius",9011.042884,10471.9719184,48.3870042111111
"MUS",2021,53.507522,"Mauritius",9068.973002,10471.9719184,48.3870042111111
"MUS",2022,48.4669974,"Mauritius",10223.78823,10471.9719184,48.3870042111111
"MUS",2023,53.3955287,"Mauritius",11182.18657,10471.9719184,48.3870042111111
"MUS",2024,52.87722,"Mauritius",11871.73368,10471.9719184,48.3870042111111
"MWI",2015,74.494504,"Malawi",539.6053632,553.49137854,69.7395506777778
"MWI",2016,69.4688081,"Malawi",450.5061055,553.49137854,69.7395506777778
"MWI",2017,65.5320851,"Malawi",495.7696834,553.49137854,69.7395506777778
"MWI",2018,65.7480531,"Malawi",533.2031737,553.49137854,69.7395506777778
"MWI",2019,61.182649,"Malawi",580.8898161,553.49137854,69.7395506777778
"MWI",2021,73.3475798,"Malawi",617.4475208,553.49137854,69.7395506777778
"MWI",2022,65.3740853,"Malawi",604.2697512,553.49137854,69.7395506777778
"MWI",2023,77.1226034,"Malawi",602.3436198,553.49137854,69.7395506777778
"MWI",2024,75.3855883,"Malawi",508.3712735,553.49137854,69.7395506777778
"MYS",2015,48.1504323,"Malaysia",9648.679794,10666.4829385,57.79408125
"MYS",2018,58.1809498,"Malaysia",10901.802,10666.4829385,57.79408125
"MYS",2019,56.8174855,"Malaysia",10920.19176,10666.4829385,57.79408125
"MYS",2020,54.8285211,"Malaysia",9957.526267,10666.4829385,57.79408125
"MYS",2021,65.6025913,"Malaysia",10903.11164,10666.4829385,57.79408125
"MYS",2022,55.4206496,"Malaysia",11748.09193,10666.4829385,57.79408125
"MYS",2023,62.3908553,"Malaysia",11379.08519,10666.4829385,57.79408125
"MYS",2024,60.9611651,"Malaysia",11867.25864,10666.4829385,57.79408125
"NAM",2017,64.3655386,"Namibia",5143.960723,4559.624109,62.8218191875
"NAM",2018,54.1579915,"Namibia",5308.608134,4559.624109,62.8218191875
"NAM",2019,52.1838023,"Namibia",4731.921032,4559.624109,62.8218191875
"NAM",2020,69.2354907,"Namibia",3878.58983,4559.624109,62.8218191875
"NAM",2021,67.6022107,"Namibia",4412.835569,4559.624109,62.8218191875
"NAM",2022,72.8816934,"Namibia",4349.799085,4559.624109,62.8218191875
"NAM",2023,66.1038772,"Namibia",4187.605004,4559.624109,62.8218191875
"NAM",2024,56.0439491,"Namibia",4413.127442,4559.624109,62.8218191875
"NER",2015,46.5712573,"Niger",485.6625742,580.94973337,63.9598001875
"NER",2016,44.530202,"Niger",502.7064754,580.94973337,63.9598001875
"NER",2017,65.8785399,"Niger",521.80413,580.94973337,63.9598001875
"NER",2018,69.1525927,"Niger",578.5680357,580.94973337,63.9598001875
"NER",2019,63.4273822,"Niger",561.6913043,580.94973337,63.9598001875
"NER",2022,66.438665,"Niger",609.7451477,580.94973337,63.9598001875
"NER",2023,76.6232193,"Niger",638.3360807,580.94973337,63.9598001875
"NER",2024,79.0565431,"Niger",722.7486503,580.94973337,63.9598001875
"NGA",2015,67.8103138,"Nigeria",2585.733607,1943.54106361,73.54333641
"NGA",2016,69.2630129,"Nigeria",2070.412734,1943.54106361,73.54333641
"NGA",2017,71.2787905,"Nigeria",1876.340271,1943.54106361,73.54333641
"NGA",2018,70.8276252,"Nigeria",2057.879446,1943.54106361,73.54333641
"NGA",2019,59.5360086,"Nigeria",2265.155209,1943.54106361,73.54333641
"NGA",2020,81.9186541,"Nigeria",2019.657063,1943.54106361,73.54333641
"NGA",2021,79.3237946,"Nigeria",2017.274865,1943.54106361,73.54333641
"NGA",2022,79.2400866,"Nigeria",2139.374785,1943.54106361,73.54333641
"NGA",2023,80.9081229,"Nigeria",1596.636961,1943.54106361,73.54333641
"NGA",2024,75.3269549,"Nigeria",806.9456951,1943.54106361,73.54333641
"NIC",2015,42.3036746,"Nicaragua",2074.456206,2223.925113,54.23042145
"NIC",2016,37.553186,"Nicaragua",2131.687048,2223.925113,54.23042145
"NIC",2017,51.7395013,"Nicaragua",2182.61381,2223.925113,54.23042145
"NIC",2018,47.1262097,"Nicaragua",2035.165494,2223.925113,54.23042145
"NIC",2019,49.0286196,"Nicaragua",1958.620515,2223.925113,54.23042145
"NIC",2020,62.9131618,"Nicaragua",1938.447048,2223.925113,54.23042145
"NIC",2021,64.4868028,"Nicaragua",2138.385885,2223.925113,54.23042145
"NIC",2022,62.8070183,"Nicaragua",2322.89054,2223.925113,54.23042145
"NIC",2023,66.2749542,"Nicaragua",2609.444921,2223.925113,54.23042145
"NIC",2024,58.0710862,"Nicaragua",2847.539663,2223.925113,54.23042145
"NLD",2015,55.476521,"Netherlands",45793.81354,55514.996862,45.7380346333333
"NLD",2016,50.9851294,"Netherlands",46808.52915,55514.996862,45.7380346333333
"NLD",2017,51.5013515,"Netherlands",49513.68173,55514.996862,45.7380346333333
"NLD",2019,38.9197493,"Netherlands",53554.90075,55514.996862,45.7380346333333
"NLD",2020,34.5640429,"Netherlands",53467.92774,55514.996862,45.7380346333333
"NLD",2021,42.9028826,"Netherlands",60141.98809,55514.996862,45.7380346333333
"NLD",2022,45.0577486,"Netherlands",59123.31856,55514.996862,45.7380346333333
"NLD",2023,47.9534811,"Netherlands",64572.00596,55514.996862,45.7380346333333
"NLD",2024,44.2814053,"Netherlands",68218.7261,55514.996862,45.7380346333333
"NOR",2015,51.7138495,"Norway",74809.9658,82602.208169,49.27416652
"NOR",2016,48.9740934,"Norway",70867.361,82602.208169,49.27416652
"NOR",2017,54.0171713,"Norway",76131.8384,82602.208169,49.27416652
"NOR",2018,38.5651922,"Norway",82792.84271,82602.208169,49.27416652
"NOR",2019,43.3861377,"Norway",76430.58895,82602.208169,49.27416652
"NOR",2020,38.7009136,"Norway",68340.0181,82602.208169,49.27416652
"NOR",2021,49.9208825,"Norway",93072.89251,82602.208169,49.27416652
"NOR",2022,59.1790138,"Norway",109269.5206,82602.208169,49.27416652
"NOR",2023,52.9456702,"Norway",87497.32893,82602.208169,49.27416652
"NOR",2024,55.338741,"Norway",86809.72469,82602.208169,49.27416652
"NPL",2015,45.9479656,"Nepal",875.5436355,1179.19424272,49.72906879
"NPL",2016,43.8215309,"Nepal",877.2564547,1179.19424272,49.72906879
"NPL",2017,49.9370019,"Nepal",1034.283749,1179.19424272,49.72906879
"NPL",2018,45.9683889,"Nepal",1179.198432,1179.19424272,49.72906879
"NPL",2019,51.412535,"Nepal",1203.142947,1179.19424272,49.72906879
"NPL",2020,50.9341933,"Nepal",1154.215176,1179.19424272,49.72906879
"NPL",2021,54.9493871,"Nepal",1252.750767,1179.19424272,49.72906879
"NPL",2022,49.1242402,"Nepal",1385.910663,1179.19424272,49.72906879
"NPL",2023,53.1851375,"Nepal",1382.330558,1179.19424272,49.72906879
"NPL",2024,52.0103075,"Nepal",1447.310045,1179.19424272,49.72906879
"NZL",2015,61.404607,"New Zealand",38665.3723,44546.815732,60.42628769
"NZL",2016,65.204158,"New Zealand",40113.71954,44546.815732,60.42628769
"NZL",2017,65.6503244,"New Zealand",42950.38417,44546.815732,60.42628769
"NZL",2018,45.2188233,"New Zealand",43257.07692,44546.815732,60.42628769
"NZL",2019,55.0962948,"New Zealand",42779.22982,44546.815732,60.42628769
"NZL",2020,55.9146278,"New Zealand",41850.92033,44546.815732,60.42628769
"NZL",2021,65.648994,"New Zealand",49689.49813,44546.815732,60.42628769
"NZL",2022,64.9867365,"New Zealand",48760.03819,44546.815732,60.42628769
"NZL",2023,60.4459038,"New Zealand",48654.90423,44546.815732,60.42628769
"NZL",2024,64.6924073,"New Zealand",48747.01369,44546.815732,60.42628769
"OMN",2024,71.7744371,"Oman",20248.41681,19345.331762,71.7744371
"PAK",2015,43.8509257,"Pakistan",1380.470208,1440.6109993,46.60391719
"PAK",2016,49.33315,"Pakistan",1424.691612,1440.6109993,46.60391719
"PAK",2017,43.4446844,"Pakistan",1519.234595,1440.6109993,46.60391719
"PAK",2018,44.4269826,"Pakistan",1569.338146,1440.6109993,46.60391719
"PAK",2019,52.0468143,"Pakistan",1390.41691,1440.6109993,46.60391719
"PAK",2020,41.9965368,"Pakistan",1278.397352,1440.6109993,46.60391719
"PAK",2021,53.128332,"Pakistan",1455.319224,1440.6109993,46.60391719
"PAK",2022,36.8884243,"Pakistan",1538.322813,1440.6109993,46.60391719
"PAK",2023,49.1022967,"Pakistan",1365.169274,1440.6109993,46.60391719
"PAK",2024,51.8210251,"Pakistan",1484.749859,1440.6109993,46.60391719
"PAN",2015,60.0117167,"Panama",14082.65485,16116.094084,56.1673798222222
"PAN",2016,58.1992198,"Panama",14832.36116,16116.094084,56.1673798222222
"PAN",2017,47.8775843,"Panama",15694.62975,16116.094084,56.1673798222222
"PAN",2018,45.277682,"Panama",16151.32735,16116.094084,56.1673798222222
"PAN",2019,47.8147445,"Panama",16477.90663,16116.094084,56.1673798222222
"PAN",2021,64.2886771,"Panama",15509.80691,16116.094084,56.1673798222222
"PAN",2022,67.6073145,"Panama",17332.43607,16116.094084,56.1673798222222
"PAN",2023,65.2856452,"Panama",18686.4051,16116.094084,56.1673798222222
"PAN",2024,49.1438343,"Panama",19102.85219,16116.094084,56.1673798222222
"PER",2015,59.8550529,"Peru",6231.711503,6985.0485644,57.49091477
"PER",2016,52.2909121,"Peru",6217.036,6985.0485644,57.49091477
"PER",2017,46.5107867,"Peru",6736.166937,6985.0485644,57.49091477
"PER",2018,48.2965389,"Peru",6978.491215,6985.0485644,57.49091477
"PER",2019,51.681751,"Peru",7037.008037,6985.0485644,57.49091477
"PER",2020,65.0114361,"Peru",6133.325524,6985.0485644,57.49091477
"PER",2021,70.4733686,"Peru",6826.202556,6985.0485644,57.49091477
"PER",2022,63.5510485,"Peru",7350.630343,6985.0485644,57.49091477
"PER",2023,68.430263,"Peru",7887.541859,6985.0485644,57.49091477
"PER",2024,48.8079899,"Peru",8452.37167,6985.0485644,57.49091477
"PHL",2015,55.2312023,"Philippines",2909.85818,3355.1423561,58.93163507
"PHL",2016,50.9273643,"Philippines",2985.19564,3355.1423561,58.93163507
"PHL",2017,43.7709136,"Philippines",3038.12125,3355.1423561,58.93163507
"PHL",2018,53.7850786,"Philippines",3168.510366,3355.1423561,58.93163507
"PHL",2019,52.8074372,"Philippines",3400.789498,3355.1423561,58.93163507
"PHL",2020,61.5907772,"Philippines",3227.579102,3355.1423561,58.93163507
"PHL",2021,74.9504565,"Philippines",3484.385939,3355.1423561,58.93163507
"PHL",2022,56.7520809,"Philippines",3548.069306,3355.1423561,58.93163507
"PHL",2023,68.3210297,"Philippines",3804.082741,3355.1423561,58.93163507
"PHL",2024,71.1800104,"Philippines",3984.831539,3355.1423561,58.93163507
"POL",2015,41.6455009,"Poland",12637.52203,17139.319575,34.84530917
"POL",2016,37.4434968,"Poland",12464.0121,17139.319575,34.84530917
"POL",2017,34.4522739,"Poland",13913.34152,17139.319575,34.84530917
"POL",2018,21.4253054,"Poland",15658.21059,17139.319575,34.84530917
"POL",2019,19.3872941,"Poland",15874.52205,17139.319575,34.84530917
"POL",2020,56.1389127,"Poland",16150.9291,17139.319575,34.84530917
"POL",2021,65.8033024,"Poland",18635.50888,17139.319575,34.84530917
"POL",2022,22.3573302,"Poland",18891.21353,17139.319575,34.84530917
"POL",2023,23.0102858,"Poland",22145.26431,17139.319575,34.84530917
"POL",2024,26.7893895,"Poland",25022.67164,17139.319575,34.84530917
"PRI",2022,66.4696143,"Puerto Rico (US)",35353.68216,32769.2351,66.4696143
"PRT",2015,50.0354489,"Portugal",19215.7813,23538.511444,47.37522183
"PRT",2016,46.3857826,"Portugal",19980.28089,23538.511444,47.37522183
"PRT",2017,50.2598151,"Portugal",21442.38428,23538.511444,47.37522183
"PRT",2018,38.852315,"Portugal",23541.14011,23538.511444,47.37522183
"PRT",2019,42.2911114,"Portugal",23343.3629,23538.511444,47.37522183
"PRT",2020,36.934794,"Portugal",22299.40441,23538.511444,47.37522183
"PRT",2021,52.285957,"Portugal",24711.45101,23538.511444,47.37522183
"PRT",2022,52.834465,"Portugal",24620.51956,23538.511444,47.37522183
"PRT",2023,54.8849091,"Portugal",27386.29206,23538.511444,47.37522183
"PRT",2024,48.9876202,"Portugal",28844.49792,23538.511444,47.37522183
"PRY",2015,31.4961138,"Paraguay",5879.337923,6015.0513897,55.40842501
"PRY",2016,29.0965266,"Paraguay",5775.159634,6015.0513897,55.40842501
"PRY",2017,53.1580377,"Paraguay",6152.267115,6015.0513897,55.40842501
"PRY",2018,52.2694434,"Paraguay",6258.449916,6015.0513897,55.40842501
"PRY",2019,55.5103587,"Paraguay",5821.181995,6015.0513897,55.40842501
"PRY",2020,63.9591121,"Paraguay",5365.472207,6015.0513897,55.40842501
"PRY",2021,71.0356684,"Paraguay",5976.931798,6015.0513897,55.40842501
"PRY",2022,69.2250605,"Paraguay",6205.625954,6015.0513897,55.40842501
"PRY",2023,66.2309043,"Paraguay",6299.990265,6015.0513897,55.40842501
"PRY",2024,62.1030246,"Paraguay",6416.09709,6015.0513897,55.40842501
"PSE",2015,34.1330983,"West Bank and Gaza",3272.154324,3439.8811855,47.1091653125
"PSE",2016,40.7888414,"West Bank and Gaza",3527.613824,3439.8811855,47.1091653125
"PSE",2017,36.5832968,"West Bank and Gaza",3620.360487,3439.8811855,47.1091653125
"PSE",2018,46.5982899,"West Bank and Gaza",3562.330943,3439.8811855,47.1091653125
"PSE",2019,47.7892956,"West Bank and Gaza",3656.858271,3439.8811855,47.1091653125
"PSE",2022,60.9774772,"West Bank and Gaza",3799.95527,3439.8811855,47.1091653125
"PSE",2023,64.2217863,"West Bank and Gaza",3455.028529,3439.8811855,47.1091653125
"PSE",2024,45.781237,"West Bank and Gaza",2592.305912,3439.8811855,47.1091653125
"ROU",2015,57.3584884,"Romania",8977.017482,13670.7484541,54.25308193
"ROU",2016,59.7268545,"Romania",9404.540059,13670.7484541,54.25308193
"ROU",2017,53.9267676,"Romania",10727.9822,13670.7484541,54.25308193
"ROU",2018,49.2035415,"Romania",12502.26241,13670.7484541,54.25308193
"ROU",2019,45.3003054,"Romania",12992.03261,13670.7484541,54.25308193
"ROU",2020,56.9215697,"Romania",13082.30066,13670.7484541,54.25308193
"ROU",2021,61.3521978,"Romania",14986.78549,13670.7484541,54.25308193
"ROU",2022,55.6247902,"Romania",15557.88262,13670.7484541,54.25308193
"ROU",2023,53.2849312,"Romania",18404.27309,13670.7484541,54.25308193
"ROU",2024,49.831373,"Romania",20072.40792,13670.7484541,54.25308193
"RUS",2015,35.3466659,"Russian Federation",9277.713867,11846.075099,51.16287189
"RUS",2016,30.2560425,"Russian Federation",8663.158203,11846.075099,51.16287189
"RUS",2017,44.1785167,"Russian Federation",10658.91309,11846.075099,51.16287189
"RUS",2018,41.7380845,"Russian Federation",11211.8877,11846.075099,51.16287189
"RUS",2019,44.8663457,"Russian Federation",11447.70117,11846.075099,51.16287189
"RUS",2020,57.027768,"Russian Federation",10108.32715,11846.075099,51.16287189
"RUS",2021,70.8560446,"Russian Federation",12425.0293,11846.075099,51.16287189
"RUS",2022,57.2835787,"Russian Federation",15619.61426,11846.075099,51.16287189
"RUS",2023,71.1547911,"Russian Federation",14159.3877,11846.075099,51.16287189
"RUS",2024,58.9208812,"Russian Federation",14889.01855,11846.075099,51.16287189
"RWA",2015,35.6216601,"Rwanda",733.9986304,841.40483521,43.5378819333333
"RWA",2016,44.3916825,"Rwanda",729.519134,841.40483521,43.5378819333333
"RWA",2017,39.4237668,"Rwanda",758.3009667,841.40483521,43.5378819333333
"RWA",2018,41.1255812,"Rwanda",771.7735111,841.40483521,43.5378819333333
"RWA",2019,44.551754,"Rwanda",810.0514121,841.40483521,43.5378819333333
"RWA",2024,56.112847,"Rwanda",999.6545614,841.40483521,43.5378819333333
"SAU",2015,72.7809114,"Saudi Arabia",23256.15496,29436.392395,66.65814936
"SAU",2016,71.0870333,"Saudi Arabia",22267.72171,29436.392395,66.65814936
"SAU",2017,73.7741487,"Saudi Arabia",23929.29071,29436.392395,66.65814936
"SAU",2018,60.1303533,"Saudi Arabia",29360.0659,29436.392395,66.65814936
"SAU",2019,59.5241921,"Saudi Arabia",29566.79338,29436.392395,66.65814936
"SAU",2020,63.8943233,"Saudi Arabia",24338.83073,29436.392395,66.65814936
"SAU",2021,63.6382017,"Saudi Arabia",31920.76537,29436.392395,66.65814936
"SAU",2022,66.9596735,"Saudi Arabia",38510.22762,29436.392395,66.65814936
"SAU",2023,70.6992474,"Saudi Arabia",36156.84834,29436.392395,66.65814936
"SAU",2024,64.0934089,"Saudi Arabia",35057.22523,29436.392395,66.65814936
"SEN",2015,60.9810775,"Senegal",1218.006136,1480.0233144,65.49824064
"SEN",2016,59.1547837,"Senegal",1266.439572,1480.0233144,65.49824064
"SEN",2017,53.8608932,"Senegal",1356.805184,1480.0233144,65.49824064
"SEN",2018,51.5508409,"Senegal",1452.556126,1480.0233144,65.49824064
"SEN",2019,54.7364726,"Senegal",1431.181289,1480.0233144,65.49824064
"SEN",2020,68.2503495,"Senegal",1461.087204,1480.0233144,65.49824064
"SEN",2021,70.9053924,"Senegal",1598.10677,1480.0233144,65.49824064
"SEN",2022,76.6556077,"Senegal",1574.028106,1480.0233144,65.49824064
"SEN",2023,77.976277,"Senegal",1698.033873,1480.0233144,65.49824064
"SEN",2024,80.9107119,"Senegal",1743.988884,1480.0233144,65.49824064
"SGP",2015,49.7152082,"Singapore",55645.60686,71457.266597,55.6020999888889
"SGP",2016,40.5953647,"Singapore",57005.58872,71457.266597,55.6020999888889
"SGP",2017,66.7098636,"Singapore",61236.25127,71457.266597,55.6020999888889
"SGP",2018,33.9256848,"Singapore",66881.6067,71457.266597,55.6020999888889
"SGP",2019,45.510623,"Singapore",65952.0379,71457.266597,55.6020999888889
"SGP",2021,60.6850362,"Singapore",80056.12882,71457.266597,55.6020999888889
"SGP",2022,67.1450867,"Singapore",90299.06946,71457.266597,55.6020999888889
"SGP",2023,75.4363547,"Singapore",85412.23035,71457.266597,55.6020999888889
"SGP",2024,60.695678,"Singapore",90674.06663,71457.266597,55.6020999888889
"SLE",2015,73.0972227,"Sierra Leone",964.5759809,850.23301957,78.7518494777778
"SLE",2016,81.4277543,"Sierra Leone",844.4164112,850.23301957,78.7518494777778
"SLE",2017,79.7103162,"Sierra Leone",779.1860078,850.23301957,78.7518494777778
"SLE",2018,76.4636725,"Sierra Leone",845.9145405,850.23301957,78.7518494777778
"SLE",2019,77.1077478,"Sierra Leone",844.0495552,850.23301957,78.7518494777778
"SLE",2021,83.3960184,"Sierra Leone",886.1929391,850.23301957,78.7518494777778
"SLE",2022,76.1326877,"Sierra Leone",860.7745909,850.23301957,78.7518494777778
"SLE",2023,77.9274754,"Sierra Leone",757.8486806,850.23301957,78.7518494777778
"SLE",2024,83.5037503,"Sierra Leone",873.3885752,850.23301957,78.7518494777778
"SLV",2015,50.1918542,"El Salvador",3790.340891,4487.4977615,52.23557728
"SLV",2016,49.3630222,"El Salvador",3901.34015,4487.4977615,52.23557728
"SLV",2017,39.4012283,"El Salvador",4020.126714,4487.4977615,52.23557728
"SLV",2018,44.1387885,"El Salvador",4183.54621,4487.4977615,52.23557728
"SLV",2019,46.1183456,"El Salvador",4320.116715,4487.4977615,52.23557728
"SLV",2020,56.4252702,"El Salvador",3997.192796,4487.4977615,52.23557728
"SLV",2021,60.9273959,"El Salvador",4642.607431,4487.4977615,52.23557728
"SLV",2022,64.8824177,"El Salvador",5074.602102,4487.4977615,52.23557728
"SLV",2023,63.7626933,"El Salvador",5365.444914,4487.4977615,52.23557728
"SLV",2024,47.1447569,"El Salvador",5579.659692,4487.4977615,52.23557728
"SOM",2015,77.1503982,"Somalia",445.5830801,534.17412024,70.4646346
"SOM",2016,68.3733913,"Somalia",460.9284906,534.17412024,70.4646346
"SOM",2023,65.8701143,"Somalia",597.4588546,534.17412024,70.4646346
"SRB",2015,28.1166756,"Serbia",5820.321558,8727.3659958,40.03300076
"SRB",2016,21.104273,"Serbia",5982.370301,8727.3659958,40.03300076
"SRB",2017,33.8497376,"Serbia",6548.036538,8727.3659958,40.03300076
"SRB",2018,33.4968466,"Serbia",7559.861657,8727.3659958,40.03300076
"SRB",2019,33.193909,"Serbia",7755.632986,8727.3659958,40.03300076
"SRB",2020,53.6957453,"Serbia",8098.709557,8727.3659958,40.03300076
"SRB",2021,67.9042422,"Serbia",9680.527981,8727.3659958,40.03300076
"SRB",2022,39.7576747,"Serbia",10022.96885,8727.3659958,40.03300076
"SRB",2023,45.2739841,"Serbia",12281.50585,8727.3659958,40.03300076
"SRB",2024,43.9369195,"Serbia",13523.72468,8727.3659958,40.03300076
"SSD",2015,59.1636709,"South Sudan",1080.147186,1080.147186,58.1765442333333
"SSD",2016,55.8637463,"South Sudan",NA,1080.147186,58.1765442333333
"SSD",2017,59.5022155,"South Sudan",NA,1080.147186,58.1765442333333
"SVK",2015,31.6469554,"Slovak Republic",16442.07609,20372.709991,41.96589798
"SVK",2016,32.8466958,"Slovak Republic",16636.07691,20372.709991,41.96589798
"SVK",2017,31.5273773,"Slovak Republic",17645.52987,20372.709991,41.96589798
"SVK",2018,32.5848491,"Slovak Republic",19573.3717,20372.709991,41.96589798
"SVK",2019,39.7360064,"Slovak Republic",19406.05897,20372.709991,41.96589798
"SVK",2020,53.0962559,"Slovak Republic",19735.48583,20372.709991,41.96589798
"SVK",2021,63.3069213,"Slovak Republic",22132.4483,20372.709991,41.96589798
"SVK",2022,48.0509095,"Slovak Republic",21334.6011,20372.709991,41.96589798
"SVK",2023,44.8852709,"Slovak Republic",24673.5483,20372.709991,41.96589798
"SVK",2024,41.9777382,"Slovak Republic",26147.90284,20372.709991,41.96589798
"SVN",2015,51.5214025,"Slovenia",20697.27485,26680.314358,43.48497191
"SVN",2016,39.8209911,"Slovenia",21447.83778,26680.314358,43.48497191
"SVN",2017,47.0804139,"Slovenia",23303.07771,26680.314358,43.48497191
"SVN",2018,29.9818374,"Slovenia",25888.04811,26680.314358,43.48497191
"SVN",2019,39.0694404,"Slovenia",25814.16872,26680.314358,43.48497191
"SVN",2020,33.3343651,"Slovenia",25392.06511,26680.314358,43.48497191
"SVN",2021,49.7531307,"Slovenia",29187.36938,26680.314358,43.48497191
"SVN",2022,49.1613456,"Slovenia",28373.83823,26680.314358,43.48497191
"SVN",2023,49.072493,"Slovenia",32610.11092,26680.314358,43.48497191
"SVN",2024,46.0542994,"Slovenia",34089.35277,26680.314358,43.48497191
"SWE",2015,58.6265926,"Sweden",51197.95293,54469.014762,51.34774627
"SWE",2016,53.3147896,"Sweden",51820.39725,54469.014762,51.34774627
"SWE",2017,51.5109563,"Sweden",53300.85873,54469.014762,51.34774627
"SWE",2018,39.9349885,"Sweden",54181.90698,54469.014762,51.34774627
"SWE",2019,45.3288937,"Sweden",51773.04646,54469.014762,51.34774627
"SWE",2020,40.4011599,"Sweden",52653.75659,54469.014762,51.34774627
"SWE",2021,51.282472,"Sweden",61174.96802,54469.014762,51.34774627
"SWE",2022,55.0945463,"Sweden",55296.93715,54469.014762,51.34774627
"SWE",2023,58.4557358,"Sweden",55567.08901,54469.014762,51.34774627
"SWE",2024,59.527328,"Sweden",57723.2345,54469.014762,51.34774627
"SWZ",2018,56.8697066,"Eswatini",3973.463449,3738.9677433,65.17806694
"SWZ",2019,58.8557929,"Eswatini",3913.12644,3738.9677433,65.17806694
"SWZ",2022,70.8273615,"Eswatini",3889.65277,3738.9677433,65.17806694
"SWZ",2023,70.5457213,"Eswatini",3741.690107,3738.9677433,65.17806694
"SWZ",2024,68.7917524,"Eswatini",3936.109692,3738.9677433,65.17806694
"SYR",2015,61.5035405,"Syrian Arab Republic",847.7316319,855.355841633333,61.5035405
"TCD",2015,48.2823028,"Chad",993.9907306,933.67668895,58.237518975
"TCD",2016,43.5050508,"Chad",861.8317676,933.67668895,58.237518975
"TCD",2017,49.6779073,"Chad",854.4612004,933.67668895,58.237518975
"TCD",2018,50.1625347,"Chad",948.6566299,933.67668895,58.237518975
"TCD",2019,64.7251045,"Chad",893.3364416,933.67668895,58.237518975
"TCD",2022,67.6281367,"Chad",966.0364683,933.67668895,58.237518975
"TCD",2023,71.7799682,"Chad",989.058529,933.67668895,58.237518975
"TCD",2024,70.1391468,"Chad",1016.088807,933.67668895,58.237518975
"TGO",2015,52.9691686,"Togo",751.0524051,871.45793305,52.2284487111111
"TGO",2016,44.7590622,"Togo",772.5817871,871.45793305,52.2284487111111
"TGO",2017,46.3638415,"Togo",792.7654872,871.45793305,52.2284487111111
"TGO",2018,50.8507522,"Togo",851.1308069,871.45793305,52.2284487111111
"TGO",2019,55.9814918,"Togo",826.2606541,871.45793305,52.2284487111111
"TGO",2021,57.0178291,"Togo",939.6133738,871.45793305,52.2284487111111
"TGO",2022,58.8938841,"Togo",898.7581544,871.45793305,52.2284487111111
"TGO",2023,48.0368785,"Togo",985.6975126,871.45793305,52.2284487111111
"TGO",2024,55.1831304,"Togo",1043.140929,871.45793305,52.2284487111111
"THA",2015,44.302159,"Thailand",5688.853354,6813.3436718,50.27902136
"THA",2016,50.9958197,"Thailand",5833.577156,6813.3436718,50.27902136
"THA",2017,36.0716115,"Thailand",6413.091825,6813.3436718,50.27902136
"THA",2018,34.7773024,"Thailand",7099.776501,6813.3436718,50.27902136
"THA",2019,39.7745659,"Thailand",7605.696578,6813.3436718,50.27902136
"THA",2020,60.2672939,"Thailand",6985.643939,6813.3436718,50.27902136
"THA",2021,63.6159649,"Thailand",7057.207548,6813.3436718,50.27902136
"THA",2022,52.3408825,"Thailand",6909.352818,6813.3436718,50.27902136
"THA",2023,64.2353261,"Thailand",7195.101309,6813.3436718,50.27902136
"THA",2024,56.4092877,"Thailand",7345.13569,6813.3436718,50.27902136
"TJK",2015,48.7428289,"Tajikistan",956.9163109,958.33161726,58.56157403
"TJK",2016,44.8723625,"Tajikistan",788.7104817,958.33161726,58.56157403
"TJK",2017,59.4053909,"Tajikistan",829.4571476,958.33161726,58.56157403
"TJK",2018,56.5911849,"Tajikistan",834.2884046,958.33161726,58.56157403
"TJK",2019,53.9751256,"Tajikistan",871.0223729,958.33161726,58.56157403
"TJK",2020,70.4623918,"Tajikistan",834.3117155,958.33161726,58.56157403
"TJK",2021,59.6934006,"Tajikistan",896.7480534,958.33161726,58.56157403
"TJK",2022,68.6155508,"Tajikistan",1052.179495,958.33161726,58.56157403
"TJK",2023,61.6393495,"Tajikistan",1178.479901,958.33161726,58.56157403
"TJK",2024,61.6181548,"Tajikistan",1341.20229,958.33161726,58.56157403
"TKM",2015,49.005953,"Turkmenistan",5759.497904,6865.2461549,55.3191609
"TKM",2016,42.5629142,"Turkmenistan",5686.98041,6865.2461549,55.3191609
"TKM",2017,47.7586771,"Turkmenistan",5828.481662,6865.2461549,55.3191609
"TKM",2018,64.571206,"Turkmenistan",6125.051697,6865.2461549,55.3191609
"TKM",2019,72.6970542,"Turkmenistan",6648.034896,6865.2461549,55.3191609
"TTO",2017,70.3959461,"Trinidad and Tobago",17578.64178,18165.071013,75.86394345
"TTO",2024,81.3319408,"Trinidad and Tobago",19314.71634,18165.071013,75.86394345
"TUN",2015,50.561173,"Tunisia",4014.947737,3810.3947715,57.36993303
"TUN",2016,59.978943,"Tunisia",3847.803544,3810.3947715,57.36993303
"TUN",2017,43.5552907,"Tunisia",3619.032473,3810.3947715,57.36993303
"TUN",2018,51.0824593,"Tunisia",3628.103665,3810.3947715,57.36993303
"TUN",2019,56.2128008,"Tunisia",3528.872133,3810.3947715,57.36993303
"TUN",2020,67.7043851,"Tunisia",3548.653637,3810.3947715,57.36993303
"TUN",2021,63.3408181,"Tunisia",3906.939263,3810.3947715,57.36993303
"TUN",2022,57.2984279,"Tunisia",3708.848124,3810.3947715,57.36993303
"TUN",2023,55.1398896,"Tunisia",3950.375342,3810.3947715,57.36993303
"TUN",2024,68.8251428,"Tunisia",4350.371797,3810.3947715,57.36993303
"TUR",2015,72.5193438,"Turkiye",11049.99511,10913.5268498,59.2311947
"TUR",2016,74.4740307,"Turkiye",10970.04589,10913.5268498,59.2311947
"TUR",2017,40.0028771,"Turkiye",10695.5502,10913.5268498,59.2311947
"TUR",2018,52.3398634,"Turkiye",9568.835063,10913.5268498,59.2311947
"TUR",2019,62.2120693,"Turkiye",9215.440499,10913.5268498,59.2311947
"TUR",2020,58.9700273,"Turkiye",8638.739038,10913.5268498,59.2311947
"TUR",2021,74.7918912,"Turkiye",9743.212778,10913.5268498,59.2311947
"TUR",2022,53.6982811,"Turkiye",10674.50416,10913.5268498,59.2311947
"TUR",2023,56.3975736,"Turkiye",13105.6585,10913.5268498,59.2311947
"TUR",2024,46.9059895,"Turkiye",15473.28726,10913.5268498,59.2311947
"TZA",2015,63.85533,"Tanzania",939.1273193,1086.06008287,51.42573844
"TZA",2016,52.8857977,"Tanzania",953.0107422,1086.06008287,51.42573844
"TZA",2017,46.5893415,"Tanzania",986.6740112,1086.06008287,51.42573844
"TZA",2018,42.1598896,"Tanzania",1023.106262,1086.06008287,51.42573844
"TZA",2019,40.6844582,"Tanzania",1063.32251,1086.06008287,51.42573844
"TZA",2020,55.7980121,"Tanzania",1117.415283,1086.06008287,51.42573844
"TZA",2021,53.4241984,"Tanzania",1159.856567,1086.06008287,51.42573844
"TZA",2022,46.2262626,"Tanzania",1207.853027,1086.06008287,51.42573844
"TZA",2023,54.0526428,"Tanzania",1224.489624,1086.06008287,51.42573844
"TZA",2024,58.5814515,"Tanzania",1185.745483,1086.06008287,51.42573844
"UGA",2015,71.9451756,"Uganda",862.9346104,876.18346972,71.18548673
"UGA",2016,72.7007416,"Uganda",752.6965717,876.18346972,71.18548673
"UGA",2017,66.6047474,"Uganda",765.2183323,876.18346972,71.18548673
"UGA",2018,66.5697837,"Uganda",792.1657002,876.18346972,71.18548673
"UGA",2019,65.5034689,"Uganda",822.1711501,876.18346972,71.18548673
"UGA",2020,75.4249817,"Uganda",845.7664639,876.18346972,71.18548673
"UGA",2021,76.5605868,"Uganda",882.7917174,876.18346972,71.18548673
"UGA",2022,69.9175838,"Uganda",963.0673142,876.18346972,71.18548673
"UGA",2023,69.1796967,"Uganda",1002.309139,876.18346972,71.18548673
"UGA",2024,77.4481011,"Uganda",1072.713698,876.18346972,71.18548673
"UKR",2015,35.7337154,"Ukraine",2094.473877,3675.0593263,54.91369573
"UKR",2016,41.6507079,"Ukraine",2158.461182,3675.0593263,54.91369573
"UKR",2017,42.3998754,"Ukraine",2604.287598,3675.0593263,54.91369573
"UKR",2018,30.6345533,"Ukraine",3059.051758,3675.0593263,54.91369573
"UKR",2019,32.0286094,"Ukraine",3619.861572,3675.0593263,54.91369573
"UKR",2020,65.6655051,"Ukraine",3709.769287,3675.0593263,54.91369573
"UKR",2021,75.1285603,"Ukraine",4775.945801,3675.0593263,54.91369573
"UKR",2022,78.2922617,"Ukraine",4199.670898,3675.0593263,54.91369573
"UKR",2023,77.2394303,"Ukraine",5139.598145,3675.0593263,54.91369573
"UKR",2024,70.3637385,"Ukraine",5389.473145,3675.0593263,54.91369573
"URY",2015,60.9029409,"Uruguay",17125.90168,19226.988692,60.03227075
"URY",2016,58.6550353,"Uruguay",17009.75842,19226.988692,60.03227075
"URY",2017,49.239294,"Uruguay",19184.65026,19226.988692,60.03227075
"URY",2018,47.3311975,"Uruguay",19249.94047,19226.988692,60.03227075
"URY",2019,51.4903463,"Uruguay",18315.7317,19226.988692,60.03227075
"URY",2020,56.7143428,"Uruguay",15757.5356,19226.988692,60.03227075
"URY",2021,71.8615961,"Uruguay",17881.81872,19226.988692,60.03227075
"URY",2022,70.3525707,"Uruguay",20818.61461,19226.988692,60.03227075
"URY",2023,69.0608186,"Uruguay",23019.42216,19226.988692,60.03227075
"URY",2024,64.7145653,"Uruguay",23906.5133,19226.988692,60.03227075
"USA",2015,73.0793503,"United States",56849.46979,68466.178106,70.7905685
"USA",2016,72.8701481,"United States",57976.6282,68466.178106,70.7905685
"USA",2017,72.2333479,"United States",60047.71907,68466.178106,70.7905685
"USA",2018,64.7290798,"United States",62875.66614,68466.178106,70.7905685
"USA",2019,64.3770642,"United States",65227.95659,68466.178106,70.7905685
"USA",2020,57.7026479,"United States",64401.50744,68466.178106,70.7905685
"USA",2021,79.7630168,"United States",71307.40173,68466.178106,70.7905685
"USA",2022,76.1937831,"United States",77860.91129,68466.178106,70.7905685
"USA",2023,75.9698023,"United States",82304.62043,68466.178106,70.7905685
"USA",2024,70.9874446,"United States",85809.90038,68466.178106,70.7905685
"UZB",2015,67.3702913,"Uzbekistan",2803.19018,2445.7779878,56.54665663
"UZB",2016,55.2544857,"Uzbekistan",2753.379514,2445.7779878,56.54665663
"UZB",2017,51.3374222,"Uzbekistan",2190.604116,2445.7779878,56.54665663
"UZB",2018,56.1039889,"Uzbekistan",1813.085308,2445.7779878,56.54665663
"UZB",2019,55.148166,"Uzbekistan",2041.384807,2445.7779878,56.54665663
"UZB",2020,56.9356583,"Uzbekistan",1978.280519,2445.7779878,56.54665663
"UZB",2021,54.2331956,"Uzbekistan",2258.519641,2445.7779878,56.54665663
"UZB",2022,59.0977597,"Uzbekistan",2578.666894,2445.7779878,56.54665663
"UZB",2023,60.6133344,"Uzbekistan",2878.968793,2445.7779878,56.54665663
"UZB",2024,49.3722642,"Uzbekistan",3161.700106,2445.7779878,56.54665663
"VEN",2015,40.0537757,"Venezuela, RB",NA,NA,63.5230558
"VEN",2016,45.4808216,"Venezuela, RB",NA,NA,63.5230558
"VEN",2017,51.4657298,"Venezuela, RB",NA,NA,63.5230558
"VEN",2018,55.8377126,"Venezuela, RB",NA,NA,63.5230558
"VEN",2019,57.4124411,"Venezuela, RB",NA,NA,63.5230558
"VEN",2020,68.1264918,"Venezuela, RB",NA,NA,63.5230558
"VEN",2021,81.8778775,"Venezuela, RB",NA,NA,63.5230558
"VEN",2022,74.7256579,"Venezuela, RB",NA,NA,63.5230558
"VEN",2023,73.3753382,"Venezuela, RB",NA,NA,63.5230558
"VEN",2024,86.8747118,"Venezuela, RB",NA,NA,63.5230558
"VNM",2015,54.8689863,"Viet Nam",2577.568853,3535.852097,50.3273982555556
"VNM",2016,36.6968151,"Viet Nam",2735.060438,3535.852097,50.3273982555556
"VNM",2018,36.4985555,"Viet Nam",3222.310031,3535.852097,50.3273982555556
"VNM",2019,46.2846314,"Viet Nam",3440.900254,3535.852097,50.3273982555556
"VNM",2020,63.13525,"Viet Nam",3534.039535,3535.852097,50.3273982555556
"VNM",2021,63.7739617,"Viet Nam",3704.193559,3535.852097,50.3273982555556
"VNM",2022,47.0881668,"Viet Nam",4147.697772,3535.852097,50.3273982555556
"VNM",2023,51.7040038,"Viet Nam",4323.35032,3535.852097,50.3273982555556
"VNM",2024,52.8962137,"Viet Nam",4717.290287,3535.852097,50.3273982555556
"YEM",2015,40.6341293,"Yemen, Rep.",1362.173812,696.29309262,42.1749792857143
"YEM",2016,30.6979724,"Yemen, Rep.",975.359417,696.29309262,42.1749792857143
"YEM",2017,36.2742263,"Yemen, Rep.",811.1659704,696.29309262,42.1749792857143
"YEM",2018,45.9352722,"Yemen, Rep.",633.8872025,696.29309262,42.1749792857143
"YEM",2019,45.7400128,"Yemen, Rep.",623.3761681,696.29309262,42.1749792857143
"YEM",2022,43.4720129,"Yemen, Rep.",615.7020777,696.29309262,42.1749792857143
"YEM",2023,52.4712291,"Yemen, Rep.",426.3540759,696.29309262,42.1749792857143
"ZAF",2015,65.358186,"South Africa",6112.273825,6305.3032354,66.31144913
"ZAF",2016,71.9711185,"South Africa",5651.205852,6305.3032354,66.31144913
"ZAF",2017,71.6732265,"South Africa",6618.335083,6305.3032354,66.31144913
"ZAF",2018,69.3515305,"South Africa",6914.178032,6305.3032354,66.31144913
"ZAF",2019,63.0441771,"South Africa",6533.71121,6305.3032354,66.31144913
"ZAF",2020,65.4705955,"South Africa",5580.603831,6305.3032354,66.31144913
"ZAF",2021,61.511191,"South Africa",6843.399419,6305.3032354,66.31144913
"ZAF",2022,71.0129501,"South Africa",6523.410978,6305.3032354,66.31144913
"ZAF",2023,64.921174,"South Africa",6022.542542,6305.3032354,66.31144913
"ZAF",2024,58.8003421,"South Africa",6253.371582,6305.3032354,66.31144913
"ZMB",2015,66.956806,"Zambia",1295.877887,1283.30557837,72.20033165
"ZMB",2016,69.3012991,"Zambia",1239.085279,1283.30557837,72.20033165
"ZMB",2017,69.5344955,"Zambia",1483.465773,1283.30557837,72.20033165
"ZMB",2018,68.6143117,"Zambia",1463.899979,1283.30557837,72.20033165
"ZMB",2019,72.0211547,"Zambia",1258.986198,1283.30557837,72.20033165
"ZMB",2020,75.6946622,"Zambia",951.6443167,1283.30557837,72.20033165
"ZMB",2021,73.9443275,"Zambia",1127.160779,1283.30557837,72.20033165
"ZMB",2022,73.0618746,"Zambia",1447.123101,1283.30557837,72.20033165
"ZMB",2023,68.606741,"Zambia",1330.727806,1283.30557837,72.20033165
"ZMB",2024,84.2676442,"Zambia",1235.084665,1283.30557837,72.20033165
"ZWE",2015,52.1512211,"Zimbabwe",1386.418559,2050.5523392,58.99953999
"ZWE",2016,65.8702158,"Zimbabwe",1407.420964,2050.5523392,58.99953999
"ZWE",2017,61.2084407,"Zimbabwe",3448.086991,2050.5523392,58.99953999
"ZWE",2018,52.1425599,"Zimbabwe",2271.852504,2050.5523392,58.99953999
"ZWE",2019,59.1454711,"Zimbabwe",1683.913136,2050.5523392,58.99953999
"ZWE",2020,65.4542223,"Zimbabwe",1730.45391,2050.5523392,58.99953999
"ZWE",2021,63.2846495,"Zimbabwe",1724.387271,2050.5523392,58.99953999
"ZWE",2022,60.9924811,"Zimbabwe",2040.546587,2050.5523392,58.99953999
"ZWE",2023,59.7983821,"Zimbabwe",2156.034093,2050.5523392,58.99953999
"ZWE",2024,49.9477563,"Zimbabwe",2656.409377,2050.5523392,58.99953999
